Date,AMZN,BIDU,NKE,UAA
2010-12-21,184.75,101.25,23.075,7.4129
2010-12-22,184.76,100.5,21.7375,7.0371
2010-12-23,182.59,100.16,21.5125,7.0835
2010-12-27,182.14,100.13,21.4575,7.0383
2010-12-28,181.09,98.71,21.5825,6.9053
2010-12-29,183.37,99.11,21.3175,7.0513
2010-12-30,182.75,98.21,21.44,7.121
2010-12-31,180,96.53,21.355,7.0823
2011-01-03,184.22,99.73,21.5225,7.1765
2011-01-04,185.01,100.97,20.9925,7.0577
2011-01-05,187.42,104.63,21.13,7.1727
2011-01-06,185.86,105.16,20.94,7.0564
2011-01-07,185.49,106.95,20.8825,6.9157
2011-01-10,184.68,105.98,21.0425,7.1313
2011-01-11,184.34,106.28,21.005,7.0241
2011-01-12,184.08,105.93,20.9325,7.1055
2011-01-13,185.53,106.25,20.64,7.1636
2011-01-14,188.75,107.73,21.0175,7.2708
2011-01-18,191.25,108.15,21.015,7.3392
2011-01-19,186.87,107.31,20.915,7.13
2011-01-20,181.96,105.66,20.7675,6.9854
2011-01-21,177.42,105.1,20.575,6.8769
2011-01-24,176.85,106.36,20.665,6.9118
2011-01-25,176.7,105.89,20.72,6.8446
2011-01-26,175.39,107.95,21,6.9583
2011-01-27,184.45,109.05,20.6925,7.7215
2011-01-28,171.14,106.54,20.365,7.7163
2011-01-31,169.64,108.63,20.62,7.7306
2011-02-01,172.11,118.73,20.8875,7.7719
2011-02-02,173.53,118.02,20.9775,7.6724
2011-02-03,173.71,118.5,20.95,7.7822
2011-02-04,175.93,117.68,21.435,8.2265
2011-02-07,176.43,118.96,21.625,8.4602
2011-02-08,183.06,119.84,21.6775,8.6513
2011-02-09,185.3,123.01,21.8125,8.5842
2011-02-10,186.21,125.79,21.6975,8.9264
2011-02-11,189.25,129.58,21.5525,9.0155
2011-02-14,190.42,128.81,21.4425,8.9058
2011-02-15,189.03,128.04,21.3875,8.6965
2011-02-16,186.62,128.71,21.4375,8.7521
2011-02-17,187.76,128.54,21.51,8.7211
2011-02-18,186.5,126.8,22.205,8.7611
2011-02-22,180.42,120.28,21.8075,8.5429
2011-02-23,176.68,115.9,21.5475,8.2975
2011-02-24,177.75,118.81,21.63,8.3375
2011-02-25,177.24,120.59,21.995,8.5261
2011-02-28,173.29,121.16,22.2575,8.5532
2011-03-01,169.44,117.83,21.925,8.3259
2011-03-02,172.02,119.49,22.0825,8.2497
2011-03-03,172.79,121.85,22.46,8.5958
2011-03-04,171.67,122.34,22.47,8.6953
2011-03-07,169.08,120.18,22.23,8.7637
2011-03-08,166.89,120.18,22.2975,8.9742
2011-03-09,169.05,119.75,22.2375,8.8916
2011-03-10,166.14,120.87,22.045,8.7417
2011-03-11,168.07,124.96,21.7925,8.969
2011-03-14,166.73,124.06,21.5525,8.8167
2011-03-15,165.08,122.23,21.3325,8.7198
2011-03-16,164.7,120.56,21.205,8.6707
2011-03-17,160.97,121.64,21.3525,8.663
2011-03-18,161.82,120.5,19.3975,8.1761
2011-03-21,164.525,124,19.21,8.4602
2011-03-22,162.6,127.09,18.8625,8.2897
2011-03-23,165.32,132.58,19.305,8.384
2011-03-24,171.1,133.475,19.1825,8.4266
2011-03-25,170.98,134.92,19.165,8.4964
2011-03-28,169.35,133.67,18.9725,8.4086
2011-03-29,174.62,136,19.09,8.8231
2011-03-30,179.42,136.38,19.1875,8.9148
2011-03-31,180.13,137.81,18.925,8.7882
2011-04-01,180.13,138.83,19.1325,9.4572
2011-04-04,182.94,143.11,19.3525,9.6277
2011-04-05,185.29,141.65,19.4825,9.8214
2011-04-06,182.76,137.25,19.6675,9.5437
2011-04-07,184.91,139.098,19.5225,9.4404
2011-04-08,184.71,141.88,19.3475,9.2209
2011-04-11,184.04,145.68,19.5325,9.465
2011-04-12,180.48,140.71,19.55,9.5528
2011-04-13,182.29,145.69,19.8525,9.6806
2011-04-14,181.82,147.01,20.02,9.4805
2011-04-15,180.01,146.81,19.6825,9.5399
2011-04-18,178.34,145.89,19.645,9.5709
2011-04-19,178.82,149.9,19.6825,10.0474
2011-04-20,183.87,149.31,20.0175,10.1313
2011-04-21,185.89,148.65,20.0475,10.1417
2011-04-25,185.42,151.96,20.0275,10.1339
2011-04-26,182.3,152.37,19.99,8.9936
2011-04-27,196.63,151.11,20.28,9.0465
2011-04-28,195.07,148.25,20.6425,9.0711
2011-04-29,195.81,148.52,20.58,8.8412
2011-05-02,201.19,147.47,20.56,8.6268
2011-05-03,198.45,139.84,20.415,8.3621
2011-05-04,199.97,139.01,20.6975,8.4357
2011-05-05,197.11,140.19,20.6525,8.4137
2011-05-06,197.6,141.26,20.505,8.5235
2011-05-09,200.8,142.62,20.7275,8.4835
2011-05-10,203.94,142.24,20.875,8.7043
2011-05-11,204.38,138.9,20.665,8.8761
2011-05-12,206.07,138.2,21.145,8.7895
2011-05-13,202.56,131.28,21.565,8.6423
2011-05-16,192.51,127.77,21.3175,8.3595
2011-05-17,194.81,131.81,21.2225,8.2768
2011-05-18,197.09,131.84,21.2075,8.6668
2011-05-19,198.805,135.88,21.5275,8.6384
2011-05-20,198.65,134.69,21.2625,8.4499
2011-05-23,196.22,129.47,20.905,8.3944
2011-05-24,193.27,129.26,21.0825,8.291
2011-05-25,192.26,129.54,20.7975,8.2717
2011-05-26,195,129.95,21.0175,8.4744
2011-05-27,194.13,133.93,21.155,8.4447
2011-05-31,196.69,135.71,21.1125,8.4176
2011-06-01,192.395,132.47,20.5375,8.6049
2011-06-02,193.65,138.49,20.2875,8.5442
2011-06-03,188.32,133.21,20.09,8.5958
2011-06-06,185.69,126.97,19.9425,8.4111
2011-06-07,187.55,124.82,20.475,8.3504
2011-06-08,188.05,120.67,20.025,8.0728
2011-06-09,189.68,123.21,20.1675,8.4292
2011-06-10,186.53,121.69,19.915,8.2807
2011-06-13,186.29,118.03,20.1275,8.7779
2011-06-14,189.96,124.82,20.56,8.9987
2011-06-15,185.98,118.84,20.0975,8.7908
2011-06-16,183.65,116.24,20.0725,8.7844
2011-06-17,186.37,117.68,20.2775,8.7908
2011-06-20,187.72,118.28,20.8075,9.2816
2011-06-21,194.23,127.71,21.1275,9.5076
2011-06-22,191.63,124.87,20.4875,9.3345
2011-06-23,194.16,129.22,20.5475,9.5076
2011-06-24,192.55,128.68,20.295,9.6044
2011-06-27,201.25,133.17,20.405,9.5954
2011-06-28,202.35,136.17,22.475,10.0216
2011-06-29,204.18,137.58,22.445,9.9557
2011-06-30,204.49,140.13,22.495,9.9841
2011-07-01,209.49,143.346,22.955,10.2321
2011-07-05,213.19,145.87,22.935,10.4916
2011-07-06,214.19,145.84,23.0875,10.2941
2011-07-07,216.74,147.01,23.415,10.2773
2011-07-08,218.28,147.78,23.31,10.2734
2011-07-11,212.55,142.4,22.8575,9.9699
2011-07-12,211.23,138.94,22.8075,10.0991
2011-07-13,213.5,142.29,23.0125,10.245
2011-07-14,210.38,140.82,22.99,10.1068
2011-07-15,212.87,146.93,22.925,10.0642
2011-07-18,211.53,148.13,22.66,10.0319
2011-07-19,218.06,152.56,22.685,10.6415
2011-07-20,215.55,154.99,22.65,10.4852
2011-07-21,213.21,150.17,22.96,10.3858
2011-07-22,216.52,154,22.9275,10.2889
2011-07-25,213.49,156.54,22.7325,10.1494
2011-07-26,214.18,164.36,22.5825,9.7439
2011-07-27,222.518,161.24,22.18,9.3048
2011-07-28,223.9,158.34,22.62,9.6212
2011-07-29,222.52,157.07,22.5375,9.4805
2011-08-01,221.32,158.93,22.335,9.4107
2011-08-02,211.7,152.92,21.2775,8.9342
2011-08-03,209.96,152.43,21.77,9.0569
2011-08-04,201.48,143.92,20.3875,8.3672
2011-08-05,202.7,140.99,20.9675,8.0896
2011-08-08,193.7,130.45,19.7975,7.223
2011-08-09,205.09,143.64,20.625,7.9139
2011-08-10,194.13,140.79,19.8325,7.6298
2011-08-11,198.36,148.15,20.8125,8.1283
2011-08-12,202.3,150.15,21.06,8.2303
2011-08-15,202.95,144.64,21.2825,8.5183
2011-08-16,197.68,136.92,20.805,8.1929
2011-08-17,195.93,137.96,20.6375,7.6376
2011-08-18,182.52,128.77,19.98,7.2101
2011-08-19,178.93,126.98,19.645,6.8162
2011-08-22,177.54,126.65,19.8125,7.2308
2011-08-23,193.55,136.36,20.8975,8.0883
2011-08-24,193.73,133.68,21.45,8.1257
2011-08-25,192.03,133.09,20.94,7.6983
2011-08-26,199.27,139.7,21.5725,8.7172
2011-08-29,206.53,143.3,22.135,9.0543
2011-08-30,210.92,148.35,21.5925,9.3449
2011-08-31,215.23,145.78,21.6625,9.1511
2011-09-01,212.54,144.29,21.6375,9.0052
2011-09-02,210,140.45,21.01,8.6991
2011-09-06,216.18,143.19,20.94,8.7805
2011-09-07,219.9,146.05,21.6275,9.1899
2011-09-08,217.26,147.01,21.3325,9.1395
2011-09-09,211.39,143.63,20.625,8.7224
2011-09-12,216.56,144.23,21.09,8.96
2011-09-13,219.53,144.58,21.455,9.1912
2011-09-14,222.57,147.48,21.8725,9.7168
2011-09-15,226.78,147.17,22.01,9.9208
2011-09-16,239.3,146.95,22.4425,10.1869
2011-09-19,241.69,145.64,22.55,10.1494
2011-09-20,233.25,139.935,22.365,9.8834
2011-09-21,231.87,138.33,21.435,9.5153
2011-09-22,223.23,123.18,21.045,9.1072
2011-09-23,223.61,123.4,22.16,9.3849
2011-09-26,229.85,122.56,22.3275,9.8433
2011-09-27,224.21,127.72,22.645,9.7555
2011-09-28,229.71,121.42,22.1175,9.434
2011-09-29,222.44,110.29,21.9975,9.1046
2011-09-30,216.23,106.91,21.3775,8.5764
2011-10-03,211.98,105.16,20.7625,8.3388
2011-10-04,212.5,110.09,21.4325,8.7895
2011-10-05,219.498,111.17,21.95,8.9432
2011-10-06,221.51,120.89,22.32,9.3319
2011-10-07,224.74,119.21,22.0375,9.0349
2011-10-10,231.32,124.54,22.68,9.6148
2011-10-11,235.48,129.47,22.4625,9.7207
2011-10-12,236.81,130.83,22.9475,9.5889
2011-10-13,236.15,132.97,23.0525,9.4921
2011-10-14,246.71,137.6,23.2425,9.6393
2011-10-17,242.33,135.61,22.755,9.3603
2011-10-18,243.88,132.37,22.87,9.4546
2011-10-19,231.53,126.23,22.8225,9.2067
2011-10-20,233.61,123.87,22.9725,9.2557
2011-10-21,234.78,122.16,23.5875,9.4417
2011-10-24,237.61,132.02,23.7675,9.8576
2011-10-25,227.15,127.98,23.4375,10.3509
2011-10-26,198.4,130.8,23.5525,10.7047
2011-10-27,206.78,138.39,23.9575,11.1064
2011-10-28,217.32,144.62,24.1875,11.0844
2011-10-31,213.51,140.18,24.0875,10.901
2011-11-01,212.105,135.05,23.47,10.5963
2011-11-02,215.62,140.55,23.735,10.8223
2011-11-03,218.29,143.5,23.92,11.0754
2011-11-04,216.48,143.18,23.595,10.8868
2011-11-07,217,140.78,23.45,10.7835
2011-11-08,217.99,141.94,23.855,10.8184
2011-11-09,211.22,136.17,23.09,10.4464
2011-11-10,210.79,135.68,23.48,10.4658
2011-11-11,217.39,137.76,24.0375,10.8352
2011-11-14,218.93,138.88,23.9375,10.7125
2011-11-15,217.83,140.74,23.9875,10.7551
2011-11-16,211.99,138.1,23.425,10.4413
2011-11-17,204.52,131.1,22.9725,10.1507
2011-11-18,197.14,126.93,23.1875,9.9299
2011-11-21,189.25,124.17,22.765,9.7749
2011-11-22,192.34,124.28,22.9075,9.6935
2011-11-23,188.99,119.55,22.7325,9.8705
2011-11-25,182.399,119.912,22.57,9.6458
2011-11-28,194.15,126.81,23.7275,10.2811
2011-11-29,188.39,124.92,23.7175,10.1133
2011-11-30,192.29,130.99,24.045,10.5033
2011-12-01,197.13,134.83,23.8125,10.5717
2011-12-02,196.03,134.09,24.0625,10.5691
2011-12-05,196.24,134.63,24.15,10.8545
2011-12-06,191.99,131.25,24.0625,10.6712
2011-12-07,195.32,129.33,23.9725,10.6182
2011-12-08,190.48,126.63,23.795,10.3186
2011-12-09,193.03,130.52,24.42,10.6802
2011-12-12,189.52,127.65,24.2375,10.2179
2011-12-13,180.51,122.22,23.7625,9.6186
2011-12-14,180.21,117.97,23.5975,9.5554
2011-12-15,181.26,114.34,23.52,9.5734
2011-12-16,181.26,114.52,23.4175,9.5734
2011-12-19,179.33,111.45,23.345,9.3022
2011-12-20,182.52,118.4,23.4075,9.3423
2011-12-21,174.35,112.97,24.0875,9.1847
2011-12-22,179.03,115.56,23.705,9.1163
2011-12-23,177.28,117.81,24.225,9.4507
2011-12-27,176.27,116.25,24.4425,9.5179
2011-12-28,173.89,116.5,24.1075,9.3694
2011-12-29,173.86,114.72,24.365,9.2777
2011-12-30,173.1,116.47,24.0925,9.2712
2012-01-03,179.03,124.29,24.2025,9.3216
2012-01-04,177.51,121.99,24.555,9.3836
2012-01-05,177.61,123.27,24.54,9.4598
2012-01-06,182.61,120.149,24.4975,9.576
2012-01-09,178.56,120.115,24.5875,9.6044
2012-01-10,179.34,126.88,24.6175,9.7052
2012-01-11,178.9,128.19,24.535,9.7839
2012-01-12,175.93,128.3,24.775,10.0293
2012-01-13,178.42,127.41,24.575,9.966
2012-01-17,181.66,128.85,24.81,9.8498
2012-01-18,189.44,126.07,25.215,9.4585
2012-01-19,194.45,123.62,25.395,9.4198
2012-01-20,190.93,122.8,25.44,9.5076
2012-01-23,186.09,123.93,25.39,9.7852
2012-01-24,187,121.75,25.5525,9.8666
2012-01-25,187.8,125.03,25.8025,10.0074
2012-01-26,193.316,123.9,25.575,9.4792
2012-01-27,195.37,131.36,25.5275,9.9337
2012-01-30,192.15,130.73,25.8475,9.9518
2012-01-31,194.44,127.52,25.9975,10.2824
2012-02-01,179.46,127.73,25.9375,10.13
2012-02-02,181.72,130.79,25.705,10.019
2012-02-03,187.68,134.53,25.875,10.3909
2012-02-06,183.14,131.37,25.865,10.4348
2012-02-07,184.19,129.49,26.0575,10.4645
2012-02-08,185.48,130.89,26.4825,10.5381
2012-02-09,184.98,135.445,26.44,10.6957
2012-02-10,185.54,136.59,26.3525,10.5963
2012-02-13,191.59,140,26.305,10.6518
2012-02-14,191.3,140.864,26.6575,10.9449
2012-02-15,184.47,138.32,26.65,10.8545
2012-02-16,179.93,141.83,26.54,11.0586
2012-02-17,182.5,136.9,26.67,10.9604
2012-02-21,182.26,130.64,26.2375,10.657
2012-02-22,180.58,133.71,26.4325,10.6944
2012-02-23,178.89,132.85,26.535,10.6415
2012-02-24,179.13,134.89,26.5725,11.0844
2012-02-27,178.53,134.54,26.7925,11.2562
2012-02-28,183.8,138.29,26.8575,11.3285
2012-02-29,179.69,136.7,26.98,11.5248
2012-03-01,180.04,138.87,27.135,11.8967
2012-03-02,179.3,141.43,27.185,11.9096
2012-03-05,180.26,136.66,27.31,11.8709
2012-03-06,181.09,133.27,26.835,11.4731
2012-03-07,183.77,134.94,26.895,11.7547
2012-03-08,187.64,137.19,26.975,11.991
2012-03-09,184.32,138.53,27.495,12.2609
2012-03-12,183.39,137.8,27.3625,12.3139
2012-03-13,184.59,140.18,27.69,12.6174
2012-03-14,182.26,136.51,27.575,12.6006
2012-03-15,184.43,136.34,27.6825,12.4017
2012-03-16,185.05,136.09,27.805,12.1796
2012-03-19,185.52,137.94,28.0325,12.3694
2012-03-20,192.33,137.35,27.935,12.4727
2012-03-21,191.73,140.61,27.61,12.6109
2012-03-22,192.4,143.72,27.7475,12.6225
2012-03-23,195.04,144.325,26.855,12.5399
2012-03-26,202.87,150.8,27.1375,12.7801
2012-03-27,205.44,150.02,26.97,12.6044
2012-03-28,201.16,148.09,26.8075,12.3823
2012-03-29,204.61,146.41,26.9625,12.1447
2012-03-30,202.51,145.77,27.11,12.1395
2012-04-02,198.05,146.7,27.255,12.4224
2012-04-03,199.66,147.06,27.4675,12.6677
2012-04-04,193.99,144.69,27.3725,12.1976
2012-04-05,194.39,148.25,27.5975,12.3371
2012-04-09,191.87,148.8,27.6725,12.3035
2012-04-10,186.98,144.42,26.615,11.9135
2012-04-11,187.97,146.16,27.0625,12.1666
2012-04-12,190.69,151.32,27.1625,12.279
2012-04-13,188.46,151.38,27.2,12.4314
2012-04-16,185.5,147.66,27.35,12.279
2012-04-17,188.39,147.49,27.4575,12.4482
2012-04-18,191.07,147.92,27.64,12.5295
2012-04-19,191.1,144.74,27.4025,12.4624
2012-04-20,189.98,144.91,27.6925,13.112
2012-04-23,188.24,139.66,27.4375,12.9725
2012-04-24,190.33,135.83,26.6875,12.3126
2012-04-25,194.42,134.82,27.2575,12.483
2012-04-26,195.99,133.21,27.5875,12.6032
2012-04-27,226.85,134.44,27.66,12.771
2012-04-30,231.9,132.7,27.9675,12.6471
2012-05-01,230.04,133.48,27.825,12.6961
2012-05-02,230.25,134.1,28.57,13.0577
2012-05-03,229.45,133.11,28.6,12.833
2012-05-04,223.99,130.02,27.9525,12.4663
2012-05-07,225.16,127.973,27.855,12.5024
2012-05-08,223.9,127.31,27.1825,11.9691
2012-05-09,222.98,123.7,27.0375,12.1318
2012-05-10,226.69,123.66,26.89,12.1227
2012-05-11,227.68,122.23,27.065,12.2454
2012-05-14,222.93,121.83,26.8675,12.1473
2012-05-15,224.39,123.87,26.805,12.217
2012-05-16,224.06,122.26,26.75,12.2338
2012-05-17,218.36,117.4,26.085,11.6268
2012-05-18,213.85,115.37,26.36,11.4938
2012-05-21,218.11,121.75,26.8075,12.0375
2012-05-22,215.33,119.34,27.1125,12.186
2012-05-23,217.28,122.29,26.88,12.2532
2012-05-24,215.24,118.26,26.87,12.5644
2012-05-25,212.89,117.59,27.1975,12.6806
2012-05-29,214.75,121.59,27.73,13.0125
2012-05-30,209.23,118.16,27.1525,13.0048
2012-05-31,212.91,117.77,27.045,13.0087
2012-06-01,208.22,113.35,26.15,12.3655
2012-06-04,214.57,115.68,26.175,12.567
2012-06-05,213.21,117.28,26.3775,12.793
2012-06-06,217.64,119.12,26.7675,13.0887
2012-06-07,218.8,122.46,26.84,12.8911
2012-06-08,218.48,121.31,27.16,13.3419
2012-06-11,216.5,120.8,26.865,13.2682
2012-06-12,216.42,117.94,26.9,13.6673
2012-06-13,214.73,116.72,25.555,13.0345
2012-06-14,214.45,117.64,25.005,13.1314
2012-06-15,218.35,119.38,25.4375,13.657
2012-06-18,222.66,121.37,25.35,13.6996
2012-06-19,224.03,121.72,25.385,13.7461
2012-06-20,223.02,117.38,25.3,13.5834
2012-06-21,220.575,113.08,24.665,12.7168
2012-06-22,222.16,114.61,24.85,12.8834
2012-06-25,220.07,111.02,24.365,12.5515
2012-06-26,225.61,110.59,24.6125,12.474
2012-06-27,225.62,111.4,24.5275,12.0401
2012-06-28,221.31,108.62,24.2225,11.6888
2012-06-29,228.35,114.98,21.945,12.2015
2012-07-02,229.32,112.69,22.2125,11.8515
2012-07-03,229.53,114.72,22.62,11.8347
2012-07-05,227.06,117.21,23.05,12.124
2012-07-06,225.05,115.91,22.845,11.858
2012-07-09,225.05,113.17,22.57,11.9187
2012-07-10,219.5,109.3,22.8225,12.1214
2012-07-11,218.37,108.92,23.065,11.7443
2012-07-12,215.36,108.21,22.955,11.9639
2012-07-13,218.39,109.711,23.4925,12.2428
2012-07-16,216.01,107.35,23.255,12.1524
2012-07-17,216.93,104.98,23.19,12.5631
2012-07-18,217.47,107.453,23.6575,12.7697
2012-07-19,226.17,110.735,23.815,13.0513
2012-07-20,228.29,110.23,23.27,12.8085
2012-07-23,226.01,107.1,23.2125,12.496
2012-07-24,223.04,114.95,23.24,13.635
2012-07-25,217.05,114.41,23.3775,13.9269
2012-07-26,220.01,118.62,24.145,14.2859
2012-07-27,237.32,123.7,24.2575,14.242
2012-07-30,236.09,121.29,23.9625,14.3117
2012-07-31,233.3,120.52,23.3375,14.0612
2012-08-01,232.09,123.24,23.25,13.8184
2012-08-02,230.81,122.03,23.135,13.976
2012-08-03,234.97,124.84,23.6425,14.4925
2012-08-06,233.99,128.94,23.88,14.8955
2012-08-07,236.56,130.32,24.0425,14.6578
2012-08-08,234.38,131.27,23.975,14.6423
2012-08-09,234.06,130.94,23.765,14.8128
2012-08-10,232.75,131.06,23.625,14.6604
2012-08-13,232.44,130.79,23.9625,14.6914
2012-08-14,233.19,130.46,23.7275,14.5726
2012-08-15,237.42,130.1,23.555,14.4538
2012-08-16,241.55,133.66,23.695,14.5933
2012-08-17,241.17,133.98,24.065,14.911
2012-08-20,240.35,130.91,23.9425,14.6578
2012-08-21,239.45,123.4,23.9625,14.6165
2012-08-22,243.1,122.8,23.9425,14.6785
2012-08-23,241.198,115.09,23.8625,14.7715
2012-08-24,245.74,115.72,24.215,14.4305
2012-08-27,243.92,116.9,24.1075,14.3479
2012-08-28,246.11,120.62,24.7175,14.8231
2012-08-29,247.12,113.099,24.6725,14.867
2012-08-30,246.22,112.01,24.4375,14.898
2012-08-31,248.27,111.44,24.34,15.0349
2012-09-04,247.88,114.51,24.315,15.1615
2012-09-05,246.22,111.94,24.3375,14.8386
2012-09-06,251.38,112.74,24.865,15.3242
2012-09-07,259.14,109.59,24.8225,15.4043
2012-09-10,257.09,109.162,25.01,15.394
2012-09-11,255.67,109.81,24.92,15.2958
2012-09-12,255.63,107.09,25.21,15.3707
2012-09-13,260.24,109.8299,24.8,15.3165
2012-09-14,261.27,115.62,24.16,15.505
2012-09-17,258,113.31,24.4925,15.2519
2012-09-18,258.75,111.99,24.43,14.9678
2012-09-19,261.68,114.136,24.415,15.0169
2012-09-20,260.81,111.273,24.18,14.7353
2012-09-21,257.47,111.115,24.13,14.6036
2012-09-24,254.805,113.18,23.83,14.5803
2012-09-25,252.46,112.515,23.77,14.1077
2012-09-26,249.67,112.19,23.8725,14.118
2012-09-27,256.59,114.595,24,14.4641
2012-09-28,254.32,116.89,23.7275,14.4202
2012-10-01,252.01,112.77,23.8875,14.335
2012-10-02,250.6,112.34,23.7375,14.4331
2012-10-03,255.92,112.07,23.45,14.1774
2012-10-04,260.47,113.2,23.9725,14.5623
2012-10-05,258.51,114.2,23.805,14.4796
2012-10-08,259.06,114.29,23.7475,14.3634
2012-10-09,250.96,106.488,23.62,13.9785
2012-10-10,244.99,108.13,23.555,14.025
2012-10-11,244.22,109.04,23.725,14.0999
2012-10-12,242.36,111.22,23.605,14.0922
2012-10-15,244.18,113.82,23.9025,14.4589
2012-10-16,243.94,113.41,24.31,15.0014
2012-10-17,247.49,114.8496,24.3925,15.1357
2012-10-18,244.85,113.18,24.3925,15.3087
2012-10-19,240,112.38,24.1125,15.1744
2012-10-22,233.78,113.71,23.62,14.9161
2012-10-23,234.31,114.99,23.205,14.836
2012-10-24,228.49,113.99,23.2225,14.6243
2012-10-25,222.92,114.01,22.8275,13.6712
2012-10-26,238.24,113.84,22.7875,13.4697
2012-10-31,232.8931,106.73,22.845,13.4981
2012-11-01,232.14,106.7,23.8375,13.7202
2012-11-02,232.4224,105.0905,23.635,13.6066
2012-11-05,234.33,103.8,23.815,13.6893
2012-11-06,237.56,105.9439,24.0325,13.8442
2012-11-07,232.0608,104.51,23.6625,13.6531
2012-11-08,227.35,103.701,22.965,13.0461
2012-11-09,226.31,103.73,23.0775,12.886
2012-11-12,226.47,104.6,23.0725,12.8162
2012-11-13,226.6,98.6009,22.8675,13.2088
2012-11-14,222.95,93.5677,22.65,12.8601
2012-11-15,220.599,93.8289,22.7075,12.9557
2012-11-16,225.23,92.68,23.1475,13.1107
2012-11-19,229.71,92.42,24.08,13.2398
2012-11-20,233.78,94.05,23.9025,13.4129
2012-11-21,238.03,93.24,23.9,13.5188
2012-11-23,239.88,96.22,24.1875,13.6221
2012-11-26,243.62,95.45,24.415,13.8546
2012-11-27,243.4017,94.52,24.2525,13.9734
2012-11-28,247.11,95.81,24.7825,14.1387
2012-11-29,251.27,99,24.7425,13.9036
2012-11-30,252.05,96.31,24.37,13.3871
2012-12-03,250.3291,95.9029,24.39,13.5963
2012-12-04,252.4881,90.2419,24.4175,13.4594
2012-12-05,253.96,88.1159,24.42,13.4077
2012-12-06,253.37,89.022,24.605,13.6195
2012-12-07,253.2681,89.36,24.6475,13.4723
2012-12-10,247.77,91.75,24.52,12.948
2012-12-11,250.69,94.1,24.8525,13.2527
2012-12-12,251.76,96.09,24.8,13.059
2012-12-13,251.25,95.25,24.3325,12.5166
2012-12-14,249.19,97.3977,24.2275,12.4521
2012-12-17,253.86,96.26,24.4975,12.3694
2012-12-18,260.4,98.55,24.73,12.8808
2012-12-19,257.99,100.5812,24.445,12.6587
2012-12-20,261.5,99.84,24.75,12.2609
2012-12-21,256.92,98.7,26.275,12.6716
2012-12-24,258.62,96.77,26.4,12.7207
2012-12-26,248.6314,101.4454,25.665,12.3074
2012-12-27,248.31,99.43,25.88,12.4107
2012-12-28,245.18,99,25.495,12.248
2012-12-31,250.87,100.29,25.8,12.5347
2013-01-02,257.31,104.12,25.92,12.483
2013-01-03,258.48,104.98,26.185,12.8266
2013-01-04,259.15,104.6462,26.44,12.7465
2013-01-07,268.4592,102.2881,26.48,12.5089
2013-01-08,266.38,101.09,26.2,12.5631
2013-01-09,266.35,104.34,26.225,12.0491
2013-01-10,265.34,110.565,26.275,12.3152
2013-01-11,267.94,112.97,26.55,12.4211
2013-01-14,272.73,112.64,26.595,12.4856
2013-01-15,271.9,111.66,26.82,12.2558
2013-01-16,268.93,109.93,26.865,12.155
2013-01-17,270.48,108.43,26.74,12.1266
2013-01-18,272.12,109.84,26.645,11.9484
2013-01-22,270.19,108.91,26.74,12.2532
2013-01-23,268.11,108.3,26.545,12.3177
2013-01-24,273.62,107.92,26.93,11.8451
2013-01-25,283.99,108.01,27.775,12.465
2013-01-28,276.04,111.39,27.25,12.3746
2013-01-29,260.35,109.45,26.96,12.4779
2013-01-30,272.764,108.98,26.805,12.4314
2013-01-31,265.5,108.3,27.025,13.1391
2013-02-01,265,108.61,26.85,13.0435
2013-02-04,259.98,107.2,26.83,12.9041
2013-02-05,266.89,96.37,26.945,13.0358
2013-02-06,262.22,98.37,27.08,12.9402
2013-02-07,260.23,96.27,27.34,12.8989
2013-02-08,261.95,96.86,27.295,12.966
2013-02-11,257.21,96.37,27.61,12.8679
2013-02-12,258.7,95.53,27.545,12.8421
2013-02-13,269.47,95.91,27.28,12.5786
2013-02-14,269.24,95.18,27.31,12.6303
2013-02-15,265.09,94.32,27.475,12.7982
2013-02-19,269.75,92.18,27.235,12.8524
2013-02-20,266.41,88.45,27.01,12.5941
2013-02-21,265.94,88.77,27.27,12.3307
2013-02-22,265.42,89.18,27.235,12.2041
2013-02-25,259.87,88.01,27.02,12.0595
2013-02-26,259.36,89.73,27.135,12.2764
2013-02-27,263.25,89.35,27.17,12.4521
2013-02-28,264.27,90.76,27.23,12.7284
2013-03-01,265.74,92.56,27.41,12.7749
2013-03-04,273.11,90.26,27.365,12.9066
2013-03-05,275.59,91.37,27.45,12.8911
2013-03-06,273.79,89.93,27.65,12.9686
2013-03-07,273.88,90.42,27.61,13.0435
2013-03-08,274.19,89.22,27.345,12.6923
2013-03-11,271.24,89.43,27.265,12.5734
2013-03-12,274.13,87.75,26.745,12.5295
2013-03-13,275.1,87.65,27.425,12.8395
2013-03-14,265.74,86.33,27.345,13.1933
2013-03-15,261.82,85.08,27.39,13.0849
2013-03-18,257.89,85.17,27.08,12.9686
2013-03-19,256.41,84.24,26.915,12.5218
2013-03-20,257.278,86.1,27.415,12.8137
2013-03-21,253.39,85.92,26.8,12.4934
2013-03-22,257.75,86.49,29.765,13.0694
2013-03-25,256.02,85.33,29.78,13.0978
2013-03-26,260.31,86.07,29.735,13.0823
2013-03-27,265.3,88.13,29.225,13.1649
2013-03-28,266.49,87.7,29.505,13.2243
2013-04-01,261.61,87.05,29.13,13.059
2013-04-02,263.322,88.12,29.45,13.3328
2013-04-03,259.03,85.964,29.455,13.7538
2013-04-04,259.08,85.16,29.67,13.7487
2013-04-05,255.48,83.59,29.485,13.6996
2013-04-08,258.95,84.07,29.975,13.9527
2013-04-09,261.14,84.87,29.945,14.0018
2013-04-10,264.77,90.07,30.145,14.1981
2013-04-11,269.85,88.76,30.6,14.4719
2013-04-12,272.87,90.62,30.29,14.7224
2013-04-15,267.72,88.57,29.835,14.5648
2013-04-16,272.34,90.29,30.25,14.663
2013-04-17,267.4,88.61,30.45,14.6759
2013-04-18,259.42,86.47,30.09,14.3789
2013-04-19,260.32,86.43,30.46,14.57
2013-04-22,263.55,85.66,30.68,14.273
2013-04-23,268.9,87.85,30.84,14.3272
2013-04-24,268.78,88.09,30.765,14.4564
2013-04-25,274.7,92.34,31.035,14.5803
2013-04-26,254.81,85.02,30.945,14.4021
2013-04-29,249.74,85.49,31.315,14.4435
2013-04-30,253.81,85.85,31.8,14.7431
2013-05-01,248.23,84.86,31.68,14.5571
2013-05-02,252.55,85,31.66,14.7069
2013-05-03,258.05,84.51,32.275,14.9058
2013-05-06,255.72,87.65,31.98,14.8903
2013-05-07,257.73,89.3,31.955,14.9445
2013-05-08,258.68,92.91,31.95,15.0349
2013-05-09,260.16,94.25,31.87,15.1486
2013-05-10,263.63,95.45,32.38,15.4585
2013-05-13,264.51,93.14,32.325,15.35
2013-05-14,268.33,92.84,32.955,15.6548
2013-05-15,266.56,93.55,32.915,15.8537
2013-05-16,264.12,92.69,32.22,15.8563
2013-05-17,269.9,94.72,32.66,16.1456
2013-05-20,267.63,100.49,32.665,16.0345
2013-05-21,268.86,99.03,32.615,16.6079
2013-05-22,262.96,95.14,32.225,16.4168
2013-05-23,261.8,93.89,31.665,16.2747
2013-05-24,261.74,96.45,31.395,16.1533
2013-05-28,267.29,97.28,31.64,16.347
2013-05-29,265.53,96.55,31.465,16.205
2013-05-30,266.83,97.77,31.205,16.205
2013-05-31,269.2,96.64,30.83,16.0138
2013-06-03,266.88,96.35,31.515,15.9493
2013-06-04,265.7,96.06,31.39,15.895
2013-06-05,267.17,94.95,30.875,15.4043
2013-06-06,267.83,98.89,31.08,15.3552
2013-06-07,276.87,102.67,31.375,15.4508
2013-06-10,281.07,102.99,31.52,15.5076
2013-06-11,274.78,99.43,31.075,15.394
2013-06-12,271.67,97.51,30.705,15.2493
2013-06-13,275.79,99.66,30.88,15.3397
2013-06-14,273.99,98,30.945,15.2855
2013-06-17,278.06,96.76,30.97,15.3604
2013-06-18,281.76,96.3,31.075,15.5128
2013-06-19,278.16,94.55,30.875,15.4146
2013-06-20,273.44,93.23,30.39,14.9084
2013-06-21,273.36,93.412,30.285,14.6759
2013-06-24,270.61,89.89,29.975,14.6398
2013-06-25,272.088,91.09,30.195,14.8515
2013-06-26,277.57,93.72,30.925,14.9161
2013-06-27,277.55,94.19,31.16,15.0995
2013-06-28,277.69,94.602,31.84,15.4224
2013-07-01,282.1,92.5,31.165,15.5179
2013-07-02,283.73,90.31,31.31,15.5024
2013-07-03,284.03,89.22,31.43,15.6936
2013-07-05,285.88,91.52,31.82,15.8124
2013-07-08,290.59,90.5,31.86,15.9054
2013-07-09,291.53,92.69,31.965,15.9312
2013-07-10,292.33,93.43,31.8,15.9648
2013-07-11,299.66,97.08,31.86,15.5877
2013-07-12,307.55,96.85,31.835,15.7039
2013-07-15,306.57,101.59,31.675,15.7194
2013-07-16,306.87,105.69,31.35,15.4508
2013-07-17,308.69,108.53,31.665,15.5851
2013-07-18,304.11,111.2,31.66,15.784
2013-07-19,305.23,111.08,31.675,15.8924
2013-07-22,303.48,110.01,31.645,15.8769
2013-07-23,301.06,109.84,31.595,15.988
2013-07-24,298.94,113.37,31.315,15.9699
2013-07-25,303.4,125.85,31.245,17.92
2013-07-26,312.01,127.56,31.265,17.7005
2013-07-29,306.1,129.33,31.355,17.4758
2013-07-30,302.41,131.69,31.425,17.5197
2013-07-31,301.22,132.31,31.46,17.3389
2013-08-01,305.57,134.93,32.985,17.951
2013-08-02,304.21,139.699,33.15,17.8554
2013-08-05,300.99,133.89,33.2,17.8916
2013-08-06,300.75,134.56,33.27,18.0905
2013-08-07,296.91,135.33,32.815,17.951
2013-08-08,295.74,135.74,33.025,18.5916
2013-08-09,297.26,138.19,33.155,18.7749
2013-08-12,296.69,136.73,33.255,19.0952
2013-08-13,293.97,141.53,32.905,19.1314
2013-08-14,291.34,138.51,32.175,18.9325
2013-08-15,286.47,134.92,31.745,18.2351
2013-08-16,284.82,134.64,31.825,17.8038
2013-08-19,285.57,135.01,32.355,18.2532
2013-08-20,287.09,134.96,32.315,18.4702
2013-08-21,284.57,135.99,32.065,18.7129
2013-08-22,289.73,139.54,32.43,18.6484
2013-08-23,290.01,138.64,32.105,18.8963
2013-08-26,286.21,139.02,31.96,19.0771
2013-08-27,280.93,135.122,31.405,18.6148
2013-08-28,281.58,138.98,31.685,18.6871
2013-08-29,283.98,139.76,31.74,18.9377
2013-08-30,280.98,135.53,31.41,18.762
2013-09-03,288.8,136.17,32.145,19.1469
2013-09-04,293.64,134.49,32.565,19.3173
2013-09-05,294.1,132.99,32.69,19.8597
2013-09-06,295.86,135.67,32.49,19.9398
2013-09-09,299.71,136.58,32.7,20.4848
2013-09-10,300.36,140.6,33.41,20.6785
2013-09-11,299.64,147.31,33.795,20.9652
2013-09-12,298.86,144.5,34.04,20.8154
2013-09-13,297.92,142.64,33.955,20.2756
2013-09-16,296.06,142.59,34.095,19.4852
2013-09-17,304.17,143.805,34.16,19.8417
2013-09-18,312.034,145.7,34.74,20.1361
2013-09-19,312.06,147.7,34.75,20.0535
2013-09-20,316.34,146.25,34.685,20.1155
2013-09-23,311.49,149.26,34.49,19.9347
2013-09-24,314.13,150.13,34.715,20.0405
2013-09-25,312.65,150.68,34.46,20.0974
2013-09-26,318.12,154.28,35.17,20.4331
2013-09-27,316.01,153.84,36.82,20.6604
2013-09-30,312.64,155.18,36.32,20.521
2013-10-01,320.95,158.64,36.21,21.3578
2013-10-02,320.51,159.94,35.945,21.2829
2013-10-03,314.76,157.08,35.82,20.8903
2013-10-04,319.04,159,36.07,20.9497
2013-10-07,310.03,157.54,35.67,20.5055
2013-10-08,303.23,148.75,35.14,19.7203
2013-10-09,298.23,146.54,35.445,20.0276
2013-10-10,305.174,153.16,36.72,20.4047
2013-10-11,310.889,154.9,36.73,20.242
2013-10-14,310.7,152.96,37.03,20.4719
2013-10-15,306.4,151.5,36.855,20.8077
2013-10-16,310.49,150.2,37.26,21.2364
2013-10-17,310.77,153.83,37.27,21.2106
2013-10-18,328.931,165.91,37.965,22.0294
2013-10-21,326.44,161.21,38.045,21.691
2013-10-22,332.54,158.57,37.98,21.4973
2013-10-23,326.756,155.07,37.78,21.691
2013-10-24,332.21,161.34,37.755,20.6579
2013-10-25,363.39,159.36,37.85,20.7095
2013-10-28,358.16,154.12,37.755,20.9213
2013-10-29,362.7,159.41,37.955,20.9394
2013-10-30,361.08,164.934,38.065,21.0401
2013-10-31,364.03,160.799,37.88,20.9601
2013-11-01,359.002,160.06,38.03,20.7302
2013-11-04,358.74,156.02,38.185,20.7638
2013-11-05,358.892,153.462,38.6,20.7121
2013-11-06,356.18,150.09,38.38,20.4719
2013-11-07,343.56,147.35,37.85,19.7203
2013-11-08,350.31,151.09,38.56,20.3892
2013-11-11,354.378,151.6,38.58,20.7353
2013-11-12,349.53,150.43,38.435,20.6811
2013-11-13,356.22,152.98,38.925,21.3449
2013-11-14,367.396,158.99,39.32,21.5748
2013-11-15,369.17,162.33,39.61,21.5799
2013-11-18,366.18,162.87,39.29,21.053
2013-11-19,364.94,163.12,38.905,20.6579
2013-11-20,362.57,158.76,38.92,20.4331
2013-11-21,368.92,158.404,39.045,20.8361
2013-11-22,372.31,158.09,39.435,20.787
2013-11-25,376.64,156.66,39.565,20.7431
2013-11-26,381.37,163.03,39.8,20.9523
2013-11-27,386.71,162.99,39.665,21.1615
2013-11-29,393.62,166.57,39.57,20.8438
2013-12-02,392.3,168.66,39.545,20.9652
2013-12-03,384.66,167.05,39.565,20.9497
2013-12-04,385.96,168.26,39.41,20.7896
2013-12-05,384.49,167.36,39.475,21.1718
2013-12-06,386.95,168.71,39.93,21.2028
2013-12-09,384.89,171.899,39.89,21.2209
2013-12-10,387.78,179.93,39.61,21.456
2013-12-11,382.19,173.24,38.42,21.8176
2013-12-12,381.25,171.5,38.115,21.7427
2013-12-13,384.24,171.24,38.2,21.6161
2013-12-16,388.97,169.01,38.22,21.8434
2013-12-17,387.65,168.33,38.38,21.8563
2013-12-18,395.96,171.49,39.275,22.298
2013-12-19,395.19,170.39,39.13,22.2257
2013-12-20,402.2,173.36,38.67,22.2231
2013-12-23,402.92,172.3,38.555,22.1947
2013-12-24,399.2,168.578,38.83,22.2773
2013-12-26,404.39,167.28,39.095,22.3341
2013-12-27,398.08,173.77,39.08,22.2076
2013-12-30,393.37,173.99,39.37,22.4581
2013-12-31,398.79,177.88,39.32,22.5485
2014-01-02,397.97,179.99,39.12,22.4659
2014-01-03,396.44,175.28,39.015,22.4685
2014-01-06,393.63,176.63,38.715,22.3703
2014-01-07,398.03,178.82,38.745,22.4142
2014-01-08,401.92,181.79,38.545,22.4452
2014-01-09,401.01,175.52,38.545,22.7009
2014-01-10,397.66,179.66,38.46,22.923
2014-01-13,390.98,171,37.59,21.9364
2014-01-14,397.54,172.87,37.585,21.9777
2014-01-15,395.87,170.5,37.715,21.9622
2014-01-16,395.8,173,37.395,21.2881
2014-01-17,399.61,170.14,36.695,21.177
2014-01-21,407.05,172.7,36.875,21.8976
2014-01-22,404.54,174.43,36.75,21.6936
2014-01-23,399.87,163.58,36.365,21.6703
2014-01-24,387.6,161.37,35.825,21.5644
2014-01-27,386.28,158.68,35.95,21.4198
2014-01-28,394.43,164.24,36.355,22.1559
2014-01-29,384.2,158.1,35.885,22.0113
2014-01-30,403.01,160.81,36.97,27.0582
2014-01-31,358.69,156.5,36.425,27.9235
2014-02-03,346.15,150.52,35.44,27.2855
2014-02-04,347.95,155.82,35.255,27.0298
2014-02-05,346.45,152.1,35.3,27.0866
2014-02-06,354.59,155.05,35.755,27.4224
2014-02-07,361.08,161.14,36.345,28.1999
2014-02-10,360.87,164.24,36.335,27.9545
2014-02-11,361.79,166.29,36.99,27.9597
2014-02-12,349.25,167.05,37.055,27.8847
2014-02-13,357.2,170.04,37.435,28.0449
2014-02-14,357.35,167.48,37.535,27.3785
2014-02-18,353.65,173.79,37.605,27.7556
2014-02-19,347.38,173.59,37.41,27.6445
2014-02-20,349.8,173.9,37.79,27.6859
2014-02-21,346.76,172.66,38.24,29.1039
2014-02-24,351.78,172.53,38.92,29.7625
2014-02-25,358.32,170.15,39.055,30.1422
2014-02-26,359.8,172.9,39.21,29.9872
2014-02-27,360.13,178.92,39.01,30.0518
2014-02-28,362.1,170.93,39.15,29.2253
2014-03-03,359.78,169.75,38.695,29.3492
2014-03-04,363.9,172.42,39.31,30.2662
2014-03-05,372.37,174.57,38.71,29.9769
2014-03-06,372.16,184.64,39.11,29.9097
2014-03-07,372.06,182.04,39.73,30.0673
2014-03-10,370.53,179.56,39.49,30.323
2014-03-11,368.82,173.5,39.4,30.0905
2014-03-12,370.64,174.18,39.485,30.3282
2014-03-13,371.51,166.09,39.265,30.0673
2014-03-14,373.74,160.59,39.16,30.3101
2014-03-17,375.04,161.66,39.49,30.9093
2014-03-18,378.77,164.09,39.82,32.1413
2014-03-19,373.23,160.58,39.575,31.5137
2014-03-20,368.97,157.48,39.635,31.4724
2014-03-21,360.62,158.31,37.605,31.0359
2014-03-24,351.85,157.38,37.43,30.6433
2014-03-25,354.71,156.05,36.825,29.5843
2014-03-26,343.41,152.12,36.61,29.3363
2014-03-27,338.47,151,36.66,29.5998
2014-03-28,338.29,150.6599,36.77,29.7599
2014-03-31,336.365,152.27,36.93,29.6101
2014-04-01,342.99,159.18,37.195,29.9614
2014-04-02,341.96,160.47,37.27,30.7053
2014-04-03,333.62,157.45,36.995,29.0987
2014-04-04,323,149.35,36.42,26.9472
2014-04-07,317.76,143.51,35.415,26.4771
2014-04-08,327.07,150.96,36.46,27.3423
2014-04-09,331.805,157.68,36.78,28.0578
2014-04-10,317.11,150.97,36.225,26.4073
2014-04-11,311.73,149.74,35.625,26.3144
2014-04-14,315.91,153.755,36.19,26.3867
2014-04-15,316.08,155.47,36.14,27.0944
2014-04-16,323.68,157.23,36.55,27.7659
2014-04-17,324.91,155.8,37.015,27.4095
2014-04-21,330.87,160.11,36.95,27.3837
2014-04-22,329.32,163.01,37.175,27.8279
2014-04-23,324.58,159.34,37.05,28.1224
2014-04-24,337.15,159.74,36.695,26.0457
2014-04-25,303.83,162.91,36.35,25.0126
2014-04-28,296.58,150.93,35.835,24.1447
2014-04-29,300.38,155.15,36.24,24.3669
2014-04-30,304.13,153.85,36.475,25.2554
2014-05-01,307.89,158.69,36.46,25.4052
2014-05-02,308.01,159.91,36.495,25.2295
2014-05-05,310.05,159.73,36.645,25.0952
2014-05-06,297.38,157.83,36.125,24.651
2014-05-07,292.71,151.27,36.09,23.8865
2014-05-08,288.32,150.38,36.525,24.0569
2014-05-09,292.24,152.85,36.725,24.1706
2014-05-12,302.86,159.88,37.315,25.2864
2014-05-13,304.64,156.11,37.295,24.8473
2014-05-14,297.62,156.02,36.79,24.4444
2014-05-15,295.19,155.39,36.47,23.9278
2014-05-16,297.7,154.77,36.97,24.1086
2014-05-19,296.755,157.65,37.245,24.4857
2014-05-20,301.19,158.42,36.63,24.1706
2014-05-21,305.01,163.97,37.105,24.341
2014-05-22,304.91,163.53,37.44,24.7388
2014-05-23,312.24,167.63,37.925,24.9868
2014-05-27,310.82,169.32,38.305,25.7513
2014-05-28,310.16,166.17,38.135,25.9063
2014-05-29,313.78,167.5,38.19,26.2369
2014-05-30,312.55,165.8101,38.455,26.2369
2014-06-02,308.84,167.25,38.36,26.5881
2014-06-03,307.19,163.671,37.775,26.397
2014-06-04,306.78,163.38,38.065,27.6988
2014-06-05,323.57,166.42,37.935,28.4375
2014-06-06,329.67,172.34,38.115,28.9334
2014-06-09,327.5,171.59,38.335,28.8559
2014-06-10,332.41,176.14,38.155,29.0264
2014-06-11,335.2,176.51,37.57,28.9437
2014-06-12,325.91,175.98,37.385,29.2433
2014-06-13,326.27,178.05,37.31,29.7083
2014-06-16,327.62,176.88,37.275,30.2248
2014-06-17,325.62,178.22,37.545,30.7827
2014-06-18,334.38,176.68,38.105,30.8137
2014-06-19,327,174.39,37.82,30.3436
2014-06-20,324.2,174.4999,37.55,30.416
2014-06-23,327.24,177.54,37.725,30.1938
2014-06-24,324.16,181.19,37.49,29.8684
2014-06-25,327.44,184.46,38.235,30.5606
2014-06-26,325.69,183.71,38.43,30.5658
2014-06-27,324.57,184.96,38.84,30.7311
2014-06-30,324.78,186.81,38.775,30.7311
2014-07-01,332.39,191.28,39,31.1392
2014-07-02,332.85,189.96,38.895,30.6123
2014-07-03,337.492,191.2,39.225,31.1237
2014-07-07,333.55,188,39.325,30.6484
2014-07-08,323.81,182.3,38.835,30.075
2014-07-09,329.97,184.94,39.345,30.948
2014-07-10,327.92,183.32,38.75,30.0595
2014-07-11,346.2,186.1,38.645,30.3436
2014-07-14,355.32,188.52,38.975,30.4676
2014-07-15,354.44,189.87,39.015,30.1525
2014-07-16,355.9,189.42,38.46,29.6204
2014-07-17,352.454,186.91,38.265,29.4448
2014-07-18,358.66,191.17,38.76,30.2765
2014-07-21,359.76,197.72,38.41,30.4573
2014-07-22,360.84,198.43,38.52,31.1288
2014-07-23,358.14,200.12,38.685,31.32
2014-07-24,358.61,204.27,39.3,35.9278
2014-07-25,324.01,226.5,38.86,35.7005
2014-07-28,320.41,225.8,39.2,35.9692
2014-07-29,320,220,39.05,35.5662
2014-07-30,322.51,219.13,39.805,35.7574
2014-07-31,312.99,216.05,38.565,34.4814
2014-08-01,307.06,212.38,38.39,34.8379
2014-08-04,313.65,218.9,38.58,35.2718
2014-08-05,312.32,215.57,38.46,35.3079
2014-08-06,313.89,215.14,38.57,35.2511
2014-08-07,311.45,213.51,38.175,34.9928
2014-08-08,316.8,215.09,38.53,35.3803
2014-08-11,318.33,217.98,38.53,35.5921
2014-08-12,319.32,216.16,38.365,35.3131
2014-08-13,326.28,218.59,38.625,35.6902
2014-08-14,333.21,219.58,38.65,35.5404
2014-08-15,333.63,218.85,38.565,35.5611
2014-08-18,334.53,219.24,39.275,36.2533
2014-08-19,335.13,218.21,39.255,36.2223
2014-08-20,335.78,219.02,39.455,36.4496
2014-08-21,332.91,216.84,39.47,35.871
2014-08-22,331.59,214.19,39.645,36.4806
2014-08-25,334.02,216.8,40.005,36.4444
2014-08-26,341.83,216.08,39.74,36.5839
2014-08-27,343.18,215.46,39.86,36.1913
2014-08-28,340.02,213.81,39.41,35.995
2014-08-29,339.04,214.52,39.275,35.3131
2014-09-02,342.38,224.8,39.64,36.744
2014-09-03,339,227.45,39.41,36.3359
2014-09-04,345.95,224.2,39.96,37.1779
2014-09-05,346.38,226.7,41.02,37.4672
2014-09-08,342.34,225.46,41.2,37.5499
2014-09-09,329.75,221.23,40.92,36.4702
2014-09-10,331.33,220.68,41.235,36.2223
2014-09-11,330.52,220.02,40.91,36.119
2014-09-12,331.19,217.96,40.92,35.7677
2014-09-15,323.89,210.73,40.805,34.7087
2014-09-16,327.76,215.57,40.6,34.998
2014-09-17,324,219.08,40.755,35.6902
2014-09-18,325,228.45,40.985,35.9382
2014-09-19,331.32,224.93,40.905,35.3389
2014-09-22,324.5,214.86,40.355,34.3368
2014-09-23,323.63,214.79,40.06,34.5486
2014-09-24,328.21,221.97,40.42,35.4784
2014-09-25,321.93,217.55,39.875,34.8947
2014-09-26,323.21,219.02,44.75,36.0673
2014-09-29,321.82,220.47,44.56,36.2223
2014-09-30,322.44,218.23,44.6,35.6954
2014-10-01,317.46,212.03,43.85,34.2851
2014-10-02,318.41,214.8,44.65,34.5021
2014-10-03,322.74,216.45,45.145,35.0445
2014-10-06,322.2,217.2,44.61,34.5072
2014-10-07,316.98,215.63,44.035,34.0992
2014-10-08,322.7,217.54,44.415,34.874
2014-10-09,315.37,213,43.615,33.7685
2014-10-10,311.39,203.35,43.595,32.9162
2014-10-13,306.45,199.68,42.695,31.8417
2014-10-14,308.31,199.07,42.545,31.8779
2014-10-15,305.97,205.73,42.59,32.5494
2014-10-16,302.86,211.22,43.52,33.3863
2014-10-17,303.64,211.73,43.59,33.6446
2014-10-20,306.21,216.62,44.45,33.6342
2014-10-21,315.33,222.35,45.32,34.843
2014-10-22,312.97,219.26,44.93,34.1198
2014-10-23,313.18,217.03,45.185,33.2365
2014-10-24,287.06,222.55,45.45,33.19
2014-10-27,289.97,219.92,45.82,33.4276
2014-10-28,295.59,228.96,46.225,33.2158
2014-10-29,294.12,224.55,45.975,33.2003
2014-10-30,299.07,237.01,46.5,33.1796
2014-10-31,305.46,238.77,46.485,33.877
2014-11-03,305.72,236.54,46.725,34.0888
2014-11-04,302.81,241.96,46.975,33.4689
2014-11-05,296.52,237.7,47.34,33.19
2014-11-06,296.64,236.9,47.3,34.2386
2014-11-07,299.86,236.54,46.89,34.6002
2014-11-10,305.11,247.58,47.48,35.3028
2014-11-11,312.01,250.34,47.44,35.2924
2014-11-12,311.51,249.82,47.905,35.7212
2014-11-13,316.48,244.09,48.06,35.6695
2014-11-14,327.82,249.7,47.75,35.7212
2014-11-17,323.05,244.15,48.03,35.5869
2014-11-18,324.93,242.75,48.235,35.8348
2014-11-19,326.54,240.42,48.475,36.4082
2014-11-20,330.54,238.39,48.65,36.3721
2014-11-21,332.63,245.3,48.71,35.7987
2014-11-24,335.64,243.91,48.975,36.1603
2014-11-25,335.04,244.34,48.645,36.5064
2014-11-26,333.57,246.03,48.9,36.9248
2014-11-28,338.64,245.11,49.645,37.4466
2014-12-01,326,236.61,48.845,36.0466
2014-12-02,326.31,234.74,49.02,35.8865
2014-12-03,316.5,231.29,49.25,36.0983
2014-12-04,316.93,230.81,49.525,35.9485
2014-12-05,312.63,232.72,49.665,35.8658
2014-12-08,306.64,227.67,48.86,35.4526
2014-12-09,312.5,229.9,48.515,35.3028
2014-12-10,305.84,225.12,48.83,35.0238
2014-12-11,307.36,229.23,48.465,35.4009
2014-12-12,307.32,229.32,48.085,35.5559
2014-12-15,306.07,225.81,47.715,35.4061
2014-12-16,295.06,219.96,46.605,34.3264
2014-12-17,298.88,223.85,47.25,35.7212
2014-12-18,297.73,231.88,48.54,36.6459
2014-12-19,299.9,234.23,47.42,35.6902
2014-12-22,306.54,234.6,47.965,35.1581
2014-12-23,306.285,233.16,47.985,35.0187
2014-12-24,303.03,230.98,48.145,35.1116
2014-12-26,309.09,234.88,48.415,35.1736
2014-12-29,312.04,230.21,48.65,35.5404
2014-12-30,310.3,230.01,48.44,35.2976
2014-12-31,310.35,227.97,48.075,35.0755
2015-01-02,308.52,223.08,47.515,34.5537
2015-01-05,302.19,219.785,46.75,33.7324
2015-01-06,295.29,220.18,46.475,33.1745
2015-01-07,298.42,224.35,47.435,34.3833
2015-01-08,300.46,229.21,48.53,35.2666
2015-01-09,296.93,226.9,47.995,34.9463
2015-01-12,291.41,220.89,47.93,34.6777
2015-01-13,294.74,219.6,47.505,34.4039
2015-01-14,293.27,216.82,46.855,33.9648
2015-01-15,286.95,215.97,46.405,33.3966
2015-01-16,290.74,220.195,46.495,33.6807
2015-01-20,289.44,220.36,46.805,33.8202
2015-01-21,297.25,228.28,46.755,34.3936
2015-01-22,310.32,229.88,47.925,35.8607
2015-01-23,312.39,233.325,48.08,36.0673
2015-01-26,309.66,229.455,48.175,36.992
2015-01-27,306.75,227.53,47.25,37.1728
2015-01-28,303.91,220.31,46.655,36.6097
2015-01-29,311.78,220.39,47.435,37.6067
2015-01-30,354.53,217.92,46.125,37.2348
2015-02-02,364.47,217.595,45.96,37.1676
2015-02-03,363.55,217.16,46.675,37.6222
2015-02-04,364.75,217.24,46.27,38.0045
2015-02-05,373.89,216.8,46.67,37.865
2015-02-06,374.28,211.78,45.895,38.2834
2015-02-09,370.56,215.03,45.585,37.5447
2015-02-10,372.995,219.44,46.375,37.9011
2015-02-11,375.14,214.67,45.655,38.1129
2015-02-12,377.17,205.02,46,38.2008
2015-02-13,381.83,212.13,46.02,38.1026
2015-02-17,375.43,208.81,45.93,37.6584
2015-02-18,373.37,207.15,46.81,38.2886
2015-02-19,378.995,207.24,46.85,38.1388
2015-02-20,383.66,209.63,47.465,38.7587
2015-02-23,380.14,206.43,47.505,39.1926
2015-02-24,378.59,208.06,47.71,39.0273
2015-02-25,385.37,203.53,48.41,39.4922
2015-02-26,384.8,205.88,48.495,39.7815
2015-02-27,380.16,203.75,48.56,39.7815
2015-03-02,385.655,205.04,49.375,39.797
2015-03-03,384.61,206.34,48.985,39.487
2015-03-04,382.72,207.69,48.76,39.0066
2015-03-05,387.83,214.23,49.23,39.1513
2015-03-06,380.09,213.31,48.455,38.6399
2015-03-09,378.56,211.615,48.715,39.1564
2015-03-10,369.51,210.39,48.255,38.5365
2015-03-11,366.37,204.38,47.67,38.5417
2015-03-12,374.24,203.39,48.52,39.6162
2015-03-13,370.58,204.445,47.905,39.2856
2015-03-16,373.35,205.3,48.22,39.9261
2015-03-17,371.92,203.265,48.27,40.7113
2015-03-18,375.135,210.95,48.755,41.3415
2015-03-19,373.24,214.57,49.16,41.8478
2015-03-20,378.49,212.69,50.99,42.0647
2015-03-23,375.11,216.78,50.73,42.2765
2015-03-24,374.09,213.6,50.325,42.1009
2015-03-25,370.96,207.74,49.495,41.0419
2015-03-26,367.35,205.44,49.665,40.6183
2015-03-27,370.56,207.33,49.94,41.1711
2015-03-30,374.59,210.54,50.445,41.2796
2015-03-31,372.1,208.4,50.165,41.7135
2015-04-01,370.255,211.07,49.775,40.7062
2015-04-02,372.25,208.51,49.83,41.0213
2015-04-06,377.04,203.6,49.865,41.4552
2015-04-07,374.41,203.865,49.805,41.76
2015-04-08,381.2,212.84,50.42,42.7311
2015-04-09,383.54,218.475,50.36,43.4905
2015-04-10,382.65,214.79,49.985,43.2632
2015-04-13,382.36,215.4,49.635,43.9657
2015-04-14,385.11,213.91,49.765,43.3975
2015-04-15,383.45,210.77,49.915,43.5008
2015-04-16,386.04,206.9,49.95,44.2757
2015-04-17,375.56,207.87,49.275,43.9812
2015-04-20,389.51,211.86,49.995,45.3347
2015-04-21,391.18,212.845,50.145,43.1444
2015-04-22,389.8,213.37,50.075,42.4987
2015-04-23,389.99,212.28,50.555,43.0101
2015-04-24,445.1,216.9,50.475,42.6485
2015-04-27,438.56,220.46,50.47,42.0751
2015-04-28,429.31,219.19,49.93,41.5792
2015-04-29,429.37,219,50.085,40.7578
2015-04-30,421.78,200.28,49.42,40.0604
2015-05-01,422.87,202.47,50.39,40.2722
2015-05-04,423.04,203.7,50.415,39.8331
2015-05-05,421.19,194.74,50.21,39.8176
2015-05-06,419.1,190.05,50.11,39.642
2015-05-07,426.88,193.63,50.725,40.1689
2015-05-08,433.69,193.54,51.22,40.8508
2015-05-11,432.85,190.835,51.395,40.4272
2015-05-12,431.02,189.97,51.185,40.2516
2015-05-13,426.87,189.18,51.08,39.9675
2015-05-14,432.28,190.27,51.72,40.3394
2015-05-15,426,192.98,52.49,40.1999
2015-05-18,425.24,191.32,52.375,40.7371
2015-05-19,421.71,193.14,52.32,40.5925
2015-05-20,423.86,195.51,52.305,40.5977
2015-05-21,431.63,200.13,52.2,40.3962
2015-05-22,427.63,203.8,52.215,40.5357
2015-05-26,425.47,200.19,51.71,40.1483
2015-05-27,431.42,201.45,51.42,39.735
2015-05-28,426.57,200.27,51.15,40.4892
2015-05-29,429.23,197.4,50.835,40.5047
2015-06-01,430.92,201.56,50.88,40.6132
2015-06-02,430.99,203.36,51.055,40.2412
2015-06-03,436.59,203.88,51.255,40.4892
2015-06-04,430.78,204.325,50.975,40.3136
2015-06-05,426.95,205.89,51.015,42.2765
2015-06-08,423.5,203.15,50.72,41.822
2015-06-09,425.48,202.56,50.675,41.6721
2015-06-10,430.77,204.63,51.67,42.1319
2015-06-11,432.97,206.77,51.94,41.9769
2015-06-12,429.92,207.6,51.89,41.9924
2015-06-15,423.67,205.73,51.675,41.9408
2015-06-16,427.26,205,52.28,42.7621
2015-06-17,427.81,209.51,52.375,42.6898
2015-06-18,439.39,210.7,53,43.2374
2015-06-19,434.92,210.87,53.265,42.9688
2015-06-22,436.29,209.64,53.395,43.8573
2015-06-23,445.99,211.98,53.6,44.1104
2015-06-24,440.84,210.32,53.11,43.568
2015-06-25,440.1,207.55,52.61,43.9864
2015-06-26,438.1,203.36,54.855,44.3893
2015-06-29,429.86,200.5,53.835,42.8396
2015-06-30,434.09,199.08,54.01,43.1031
2015-07-01,437.39,198.71,54.715,43.5267
2015-07-02,437.71,197.03,54.935,43.6971
2015-07-06,436.04,189.03,54.92,43.692
2015-07-07,436.72,187.54,55.645,43.8779
2015-07-08,429.7,184.58,54.635,43.5938
2015-07-09,434.39,187.57,54.72,43.6455
2015-07-10,443.51,187.75,55.26,44.5495
2015-07-13,455.57,193.27,56.205,46.156
2015-07-14,465.57,191.28,56.17,45.8719
2015-07-15,461.19,186.58,55.95,45.6033
2015-07-16,475.48,190.1,56.17,44.0897
2015-07-17,483.01,198.44,56.4,45.0557
2015-07-20,488.1,199.61,56.565,45.9494
2015-07-21,488,202.4,56.495,45.6343
2015-07-22,488.27,205.74,57.045,46.1664
2015-07-23,482.18,207.63,57,49.5551
2015-07-24,529.42,206.25,56.495,49.6171
2015-07-27,531.41,197.68,55.865,49.8134
2015-07-28,526.03,168.03,56.735,50.5469
2015-07-29,529,170.01,57.46,51.048
2015-07-30,536.76,174.47,57.505,51.2856
2015-07-31,536.15,172.66,57.61,51.3114
2015-08-03,535.03,169.14,57.415,50.7587
2015-08-04,531.9,170.32,57.885,51.3218
2015-08-05,537.01,172.74,58.375,52.1948
2015-08-06,529.46,174.46,57.56,50.7226
2015-08-07,522.62,176.08,57.255,50.5882
2015-08-10,524,176.85,57.68,51.0118
2015-08-11,527.46,167.94,57.23,51.1875
2015-08-12,525.91,160.82,56.53,50.5056
2015-08-13,529.66,160.89,56.8,51.3476
2015-08-14,531.52,164.24,57.18,51.7867
2015-08-17,535.22,167.43,57.49,52.0398
2015-08-18,535.02,166.11,57.41,51.8435
2015-08-19,532.92,162.89,57.48,51.6885
2015-08-20,515.78,157.4,56.15,49.927
2015-08-21,494.47,152.91,53.435,46.5073
2015-08-24,463.37,141.08,51.935,44.1362
2015-08-25,466.37,136.99,51.765,44.9524
2015-08-26,500.77,142.4,54.38,46.8844
2015-08-27,518.37,152.06,56.31,49.4311
2015-08-28,518.01,152.13,56.25,49.803
2015-08-31,512.89,147.25,55.875,49.3485
2015-09-01,496.54,143.57,54.315,48.1242
2015-09-02,510.55,148.15,55.35,49.4053
2015-09-03,504.72,149.08,55.425,49.4001
2015-09-04,499,146,54.845,49.0747
2015-09-08,517.54,148.18,55.875,50.144
2015-09-09,516.89,150.11,54.93,49.1315
2015-09-10,522.24,146.75,55.19,49.6791
2015-09-11,529.44,144.03,55.91,49.896
2015-09-14,521.38,141.27,55.945,49.6687
2015-09-15,522.37,141.4,56.92,50.9757
2015-09-16,527.39,150.35,57.79,53.3932
2015-09-17,538.87,147.06,57.635,53.7755
2015-09-18,540.26,142.57,57.525,52.5874
2015-09-21,548.39,140.84,58.28,53.2434
2015-09-22,538.4,136.12,57.985,52.6339
2015-09-23,536.07,132.37,57.715,52.3963
2015-09-24,533.75,132.59,57.395,52.7889
2015-09-25,524.25,134.34,62.5,53.5741
2015-09-28,504.06,133.06,61.07,52.0656
2015-09-29,496.07,136.68,59.835,48.5374
2015-09-30,511.89,137.41,61.485,49.9942
2015-10-01,520.72,137.53,61.915,51.0583
2015-10-02,532.54,148.51,62.605,51.7867
2015-10-05,543.68,149.62,62.135,52.6184
2015-10-06,537.48,149.8,61.595,51.5852
2015-10-07,541.94,144.77,61.05,51.172
2015-10-08,533.16,141.26,62.455,52.2465
2015-10-09,539.8,144.22,62.47,52.856
2015-10-12,550.19,144.07,63.215,53.3881
2015-10-13,548.9,146.5,62.905,52.3291
2015-10-14,544.83,145.02,62.92,50.2525
2015-10-15,562.44,150.24,64.395,51.3941
2015-10-16,570.76,151,65.235,51.6989
2015-10-19,573.15,154.68,66.605,51.89
2015-10-20,560.88,153.21,66.185,51.6421
2015-10-21,555.77,149.63,66.235,51.2185
2015-10-22,563.91,153.5,66.205,48.46
2015-10-23,599.03,157.6,65.265,47.5353
2015-10-26,608.61,166.24,65.69,48.5891
2015-10-27,611.01,173.86,65.41,48.9352
2015-10-28,617.1,172.54,65.645,49.8702
2015-10-29,626.55,168.99,65.56,49.7772
2015-10-30,625.9,187.47,65.515,49.116
2015-11-02,628.35,195.19,65.595,49.4363
2015-11-03,625.31,192.5,65.7,49.7979
2015-11-04,640.95,197.92,65.18,49.2296
2015-11-05,655.65,198.91,65.93,49.6068
2015-11-06,659.37,200.3,65.89,49.5964
2015-11-09,655.49,194.01,65.24,48.305
2015-11-10,659.68,196.99,65,49.3226
2015-11-11,673.25,199.49,63.71,48.336
2015-11-12,665.6,198.14,62.99,47.7109
2015-11-13,642.35,193.95,60.93,45.1642
2015-11-16,647.81,198.72,61.73,46.4918
2015-11-17,643.3,196.83,61.29,43.9038
2015-11-18,663.54,204.73,62.89,45.097
2015-11-19,661.27,207.8,62.89,46.1044
2015-11-20,668.45,206.69,66.325,47.5301
2015-11-23,678.99,207.46,66.23,47.6076
2015-11-24,671.15,205.33,66.255,47.5663
2015-11-25,675.34,201.8,67.065,47.5766
2015-11-27,673.26,205.58,67.165,46.3265
2015-11-30,664.8,217.97,66.14,44.5391
2015-12-01,679.06,214.11,66.655,45.0351
2015-12-02,676.01,211.36,66.325,44.9007
2015-12-03,666.25,207.48,64.56,43.4698
2015-12-04,672.64,208.3,66.165,45.1022
2015-12-07,669.83,208.54,65.8,44.7251
2015-12-08,677.33,205.02,65.85,45.0609
2015-12-09,664.79,200.46,64.42,44.5856
2015-12-10,662.32,200.01,64.32,44.255
2015-12-11,640.15,193.68,63.145,42.6485
2015-12-14,657.91,193.89,63.93,42.9584
2015-12-15,658.64,199.13,64.305,42.1112
2015-12-16,675.77,199.34,65.465,42.9326
2015-12-17,670.65,196.94,65.11,41.9821
2015-12-18,664.14,191.92,64.26,41.7755
2015-12-21,664.51,197.44,64.9,41.8271
2015-12-22,663.15,197.03,65.925,41.5172
2015-12-23,663.7,196.53,64.355,42.354
2015-12-24,662.79,193.93,63.18,41.9459
2015-12-28,675.2,192.8,63.81,41.9563
2015-12-29,693.97,194.68,64.26,42.4883
2015-12-30,689.07,192.13,63.25,41.822
2015-12-31,675.89,189.04,62.5,41.6412
2016-01-04,636.99,184.03,61.52,41.1504
2016-01-05,633.79,187.37,62.38,41.4035
2016-01-06,632.65,185.61,61.49,41.2589
2016-01-07,607.94,174.37,59.85,40.2929
2016-01-08,607.05,171.34,58.87,38.7432
2016-01-11,617.74,170.37,59.55,36.1396
2016-01-12,617.89,172.91,59.94,37.2709
2016-01-13,581.81,166.04,58.78,37.1263
2016-01-14,593,172.23,58.51,36.0931
2016-01-15,570.18,163.92,57.56,35.4526
2016-01-19,574.48,166.03,58.32,34.6674
2016-01-20,571.77,164.99,59.04,34.7862
2016-01-21,575.02,169.56,60.56,35.6747
2016-01-22,596.38,171.17,60.88,36.5684
2016-01-25,596.53,167.54,60.7,35.2098
2016-01-26,601.25,167.08,61.11,34.7965
2016-01-27,583.35,158.27,59.58,35.4268
2016-01-28,635.35,156.94,61.2,43.4285
2016-01-29,587,163.27,62.01,44.131
2016-02-01,574.81,161.1,63.16,43.9761
2016-02-02,552.1,154.82,62.55,42.3592
2016-02-03,531.07,153.08,62.49,41.791
2016-02-04,536.26,152.59,60.17,41.605
2016-02-05,502.13,145.34,57.17,39.9468
2016-02-08,488.1,145.05,55.04,37.4827
2016-02-09,482.07,140.68,55.68,37.3742
2016-02-10,490.48,143.78,57.41,38.4745
2016-02-11,503.82,141.21,56,37.4931
2016-02-12,507.08,152.73,56.42,39.4095
2016-02-16,521.1,157.52,57.79,41.295
2016-02-17,534.1,163.53,58.17,42.8603
2016-02-18,525,160.7,58.6,41.8581
2016-02-19,534.9,164.47,59.31,41.6567
2016-02-22,559.5,168.67,60.17,41.8891
2016-02-23,552.94,161.02,60.21,41.5843
2016-02-24,554.04,162.75,60.4,42.4367
2016-02-25,555.15,158.22,62.38,42.9068
2016-02-26,555.23,173.8,62.6,43.2942
2016-02-29,552.52,173.42,61.59,43.2322
2016-03-01,579.04,180.2,62.92,43.8728
2016-03-02,580.21,176.94,62.22,43.3562
2016-03-03,577.49,177.3,61.47,42.9223
2016-03-04,575.14,178.55,61.26,43.3923
2016-03-07,562.8,177.2,59.25,42.9791
2016-03-08,560.26,172.81,59.81,41.9976
2016-03-09,559.47,176.5,58.33,41.481
2016-03-10,558.93,176.08,58.88,41.8581
2016-03-11,569.61,182.98,60.08,42.5917
2016-03-14,573.37,182.02,60.81,42.261
2016-03-15,577.02,180.22,61.4,41.853
2016-03-16,574.27,183.05,61.86,41.8426
2016-03-17,559.44,183.44,63.18,42.9481
2016-03-18,552.08,187.92,62.99,43.537
2016-03-21,553.98,187.12,64.72,44.1724
2016-03-22,560.48,188.4,64.9,43.6248
2016-03-23,569.63,183.84,62.44,42.8138
2016-03-24,582.95,184.86,61.65,42.4418
2016-03-28,579.87,185.17,61.34,42.8448
2016-03-29,593.86,189.84,61.49,43.1392
2016-03-30,598.69,189.89,62.04,44.2395
2016-03-31,593.64,190.88,61.47,43.8211
2016-04-01,598.5,190.33,61.59,43.7539
2016-04-04,593.19,188.97,59.97,43.0721
2016-04-05,586.14,183.8,59.67,43.1547
2016-04-06,602.08,186.82,60.31,44.3428
2016-04-07,591.43,182.53,60.3,44.41
2016-04-08,594.6,183.98,59.42,43.54
2016-04-11,595.93,185.07,57.92,41.15
2016-04-12,603.17,187.4,58.55,41.4
2016-04-13,614.82,193.98,59.58,42.96
2016-04-14,620.75,195.72,59.49,43.48
2016-04-15,625.89,193.22,59.5,43.08
2016-04-18,635.35,192.94,59.57,43.71
2016-04-19,627.9,194.52,59.56,43.95
2016-04-20,632.99,193.67,59.62,43.95
2016-04-21,631,192.74,60.08,46.93
2016-04-22,620.5,190.76,59.43,46.99
2016-04-25,626.2,188.04,59.21,46.59
2016-04-26,616.88,188.25,59.54,46.75
2016-04-27,606.57,187.95,59.27,44.8
2016-04-28,602,186.02,58.54,44.66
2016-04-29,659.59,194.3,58.94,43.94
2016-05-02,683.85,178.91,59.59,43.74
2016-05-03,671.32,174.36,59.52,42.73
2016-05-04,670.9,177.28,59.11,39.51
2016-05-05,659.09,175.22,58.19,39.75
2016-05-06,673.95,173.94,58.43,38.7
2016-05-09,679.75,169.49,58.72,38.7
2016-05-10,703.07,166.21,59.2,39.08
2016-05-11,713.23,163.05,57.01,37.38
2016-05-12,717.93,161.28,57.99,37.66
2016-05-13,709.92,159.75,57.31,37.15
2016-05-16,710.66,167.96,57.14,37.12
2016-05-17,695.27,171.04,57.1,36.89
2016-05-18,697.45,169.45,56.12,36.57
2016-05-19,698.52,168.51,57.04,37.44
2016-05-20,702.8,170.05,56.48,37.89
2016-05-23,696.75,169.77,55.99,37.27
2016-05-24,704.2,175.91,56.59,38.22
2016-05-25,708.35,176.71,55.99,38.31
2016-05-26,714.91,177.67,55.84,37.76
2016-05-27,712.24,185.01,56.19,37.92
2016-05-31,722.79,178.54,55.22,37.73
2016-06-01,719.44,176.53,54.93,36.25
2016-06-02,728.24,175.64,54.53,36.56
2016-06-03,725.54,173.74,53.45,36.4
2016-06-06,726.73,174.62,54.3,36.81
2016-06-07,723.74,170.86,53.55,37.77
2016-06-08,726.64,168.71,54.12,39.04
2016-06-09,727.65,168.99,54.94,38.66
2016-06-10,717.91,164.28,55.11,38.38
2016-06-13,715.24,163.55,54.91,37.45
2016-06-14,719.3,160.84,54.12,37.19
2016-06-15,714.26,161.03,54.31,37.76
2016-06-16,717.51,165.52,53.47,36.42
2016-06-17,706.39,162.68,53.71,37.22
2016-06-20,714.01,166.53,54.36,38.11
2016-06-21,715.82,162.8,54.77,38.36
2016-06-22,710.6,162.22,54.57,37.69
2016-06-23,722.08,163.92,54.12,38.32
2016-06-24,698.96,159.12,52.59,37.38
2016-06-27,691.36,156.92,51.89,35.92
2016-06-28,707.95,160.41,53.09,37.52
2016-06-29,715.6,164.41,55.13,39.75
2016-06-30,715.62,165.15,55.2,40.13
2016-07-01,725.68,165.19,55.61,40.43
2016-07-05,728.1,161.87,55.2,39.2
2016-07-06,737.61,161.56,55.8,39.85
2016-07-07,736.57,163.42,55.92,40.52
2016-07-08,745.81,159.8,56.72,40.43
2016-07-11,753.78,167.03,56.83,40.3
2016-07-12,748.21,164.98,58.06,41.8
2016-07-13,742.63,164.16,57.99,41.51
2016-07-14,741.2,164.85,58.49,41.54
2016-07-15,735.44,162.74,57.87,41.68
2016-07-18,736.07,164.79,57.74,41.69
2016-07-19,739.95,161.19,57.76,41.92
2016-07-20,745.72,160.65,57.76,42.16
2016-07-21,744.43,161.4,56.99,42.64
2016-07-22,744.86,160.88,56.73,42.85
2016-07-25,739.61,160.25,57.14,43.59
2016-07-26,735.59,164.03,56.37,41.36
2016-07-27,736.67,165.5,55.79,39.72
2016-07-28,752.61,165.63,55.45,39.65
2016-07-29,758.81,159.6,55.5,39.46
2016-08-01,767.74,163.23,55.41,39.44
2016-08-02,760.58,160.75,54.92,37.97
2016-08-03,754.64,162.24,54.75,38.91
2016-08-04,760.77,162.56,54.79,38.95
2016-08-05,765.98,167.38,55.85,40.03
2016-08-08,766.56,166.45,55.98,39.74
2016-08-09,768.31,165.54,55.77,39.31
2016-08-10,768.56,165.63,55.13,39.09
2016-08-11,771.24,167.72,56.73,40.94
2016-08-12,772.56,167.98,56.45,41.09
2016-08-15,768.49,172.95,56.77,42.24
2016-08-16,764.04,173.3,56.88,42.33
2016-08-17,764.63,172.73,56.86,41.67
2016-08-18,764.46,175.4,57.21,42.06
2016-08-19,757.31,177.53,58.9,43.01
2016-08-22,759.48,173.85,58.66,42.98
2016-08-23,762.45,173.49,59.62,43.59
2016-08-24,757.25,171.49,60.22,43.15
2016-08-25,759.22,172.85,59.24,42.23
2016-08-26,769,173.47,59,42.12
2016-08-29,771.29,173.65,58.63,42.11
2016-08-30,767.58,175.45,58,41.56
2016-08-31,769.16,171.07,57.64,39.63
2016-09-01,770.62,176.55,58.54,39.75
2016-09-02,772.44,177.78,58.02,38.56
2016-09-06,788.87,189.06,57.41,38.93
2016-09-07,784.48,189.15,57.72,39.92
2016-09-08,784.06,187.5,56.17,39.35
2016-09-09,760.14,182.1,55.33,38.36
2016-09-12,771.49,184.13,56.01,39.26
2016-09-13,761.01,181.9,55.37,38.33
2016-09-14,761.09,182.18,55.13,38.25
2016-09-15,769.69,186.5,55.47,38.56
2016-09-16,778.52,185.01,55.18,38.91
2016-09-19,775.1,184.74,54.95,38.74
2016-09-20,780.22,186.37,54.87,38.61
2016-09-21,789.74,196.03,55.34,39.61
2016-09-22,804.7,195.45,55.41,39.9
2016-09-23,805.75,191.72,55.15,39.45
2016-09-26,799.16,188.86,54.4,38.6
2016-09-27,816.11,190.83,55.34,39.19
2016-09-28,828.72,187.74,53.25,39.38
2016-09-29,829.05,182.23,52.16,38.6
2016-09-30,837.31,182.07,52.65,38.68
2016-10-03,836.74,183.54,52.67,38.63
2016-10-04,834.03,184.08,52.14,38.49
2016-10-05,844.36,184.11,52.12,38.41
2016-10-06,841.66,181.52,52.03,37.82
2016-10-07,839.43,179.8,51.79,37.78
2016-10-10,841.71,181.49,51.79,38.28
2016-10-11,831,177.04,51.82,38.12
2016-10-12,834.09,175.41,52.44,38.52
2016-10-13,829.28,174.61,52.03,38.18
2016-10-14,822.96,175.51,51.62,38.49
2016-10-17,812.95,175.15,51.03,37.63
2016-10-18,817.65,175.65,51.22,38.3
2016-10-19,817.69,176.2,51.8,38.82
2016-10-20,810.32,175.17,51.89,38.41
2016-10-21,818.99,176.76,51.77,37.94
2016-10-24,838.09,180.86,51.87,37.9
2016-10-25,835.18,176.68,51.05,32.89
2016-10-26,822.59,172.82,51.97,31.81
2016-10-27,818.36,175.1,51.89,31.4
2016-10-28,776.32,179.59,52.02,30.94
2016-10-31,789.82,176.86,50.18,31.1
2016-11-01,785.41,173.49,49.62,30.52
2016-11-02,765.56,168.78,49.72,30.79
2016-11-03,767.03,168.57,49.73,30.3
2016-11-04,755.05,167.7,49.96,30.8
2016-11-07,784.93,171.56,50.91,31.26
2016-11-08,787.75,170.92,51.08,31.33
2016-11-09,771.88,168.66,51.12,31.59
2016-11-10,742.38,163.47,50.39,31.57
2016-11-11,739.01,162.95,50.77,31.82
2016-11-14,719.07,161.73,50.21,31.17
2016-11-15,743.24,164.44,50.13,31.94
2016-11-16,746.49,166.74,50.68,32.1
2016-11-17,756.4,166.21,51.59,32.31
2016-11-18,760.16,164.38,51.1,30.95
2016-11-21,780,165.69,51.28,30.87
2016-11-22,785.33,164.47,51.71,30.83
2016-11-23,780.12,163.63,51.34,30.71
2016-11-25,780.37,164.44,51.52,30.6
2016-11-28,766.77,167,51.01,31.17
2016-11-29,762.52,169.18,50.63,30.9
2016-11-30,750.57,166.95,50.07,30.8
2016-12-01,743.65,163.08,50.65,30.47
2016-12-02,740.34,161.67,50.46,30.03
2016-12-05,759.36,164.32,51.85,30.43
2016-12-06,764.72,165.17,50.57,30.94
2016-12-07,770.42,169.33,52.1,32.27
2016-12-08,767.33,167.75,51.55,32.94
2016-12-09,768.66,170.82,51.72,32.99
2016-12-12,760.12,168.48,51.54,32.26
2016-12-13,774.34,171.46,52.3,32.27
2016-12-14,768.82,169.83,51.79,31.67
2016-12-15,761,165.78,51.29,31
2016-12-16,757.77,164.93,50.92,30.39
2016-12-19,766,163.69,50.85,30.11
2016-12-20,771.22,165.28,51.79,30.01
2016-12-21,770.6,163.92,52.3,30.05
2016-12-22,766.34,162.89,52.14,29.39
2016-12-23,760.59,163.62,51.91,29.29
2016-12-27,771.4,164.77,51.29,29.31
2016-12-28,772.13,165.54,51.02,29.42
2016-12-29,765.15,166.5,51.06,29.23
2016-12-30,749.87,164.41,50.83,29.05
2017-01-03,753.67,168.3,51.98,29.87
2017-01-04,757.18,171.96,53.07,30.54
2017-01-05,780.45,177.47,53.06,30.29
2017-01-06,795.99,176.38,53.91,30.47
2017-01-09,796.92,177.16,53.38,30.47
2017-01-10,795.9,180.31,53.11,30.71
2017-01-11,799.02,179.32,52.69,30.55
2017-01-12,813.64,177.57,52.4,30.38
2017-01-13,817.14,176.48,52.92,30.08
2017-01-17,809.72,176.96,53.65,30.14
2017-01-18,807.48,176.54,53.27,29.35
2017-01-19,809.04,176.09,52.93,29.2
2017-01-20,808.33,173.44,53.2,29.02
2017-01-23,817.88,175.97,53.24,28.45
2017-01-24,822.44,176.05,53.45,28.54
2017-01-25,836.52,176.61,53.86,29.3
2017-01-26,839.15,174.95,53.65,29.13
2017-01-27,835.77,174.1,53.19,29.13
2017-01-30,830.38,174.72,53.08,28.94
2017-01-31,823.48,175.07,52.9,21.49
2017-02-01,832.35,173.82,53.02,21.44
2017-02-02,839.95,173.4,52.8,20.65
2017-02-03,810.2,175.17,52.36,20.7
2017-02-06,807.64,177.81,52.8,20.6
2017-02-07,812.5,178.17,52.81,20.47
2017-02-08,819.71,181.5,53.88,21.08
2017-02-09,821.36,181.5,55.31,21.71
2017-02-10,827.46,183.99,56.22,21.6
2017-02-13,836.53,184.31,56.09,21.32
2017-02-14,836.39,182.77,56.45,21.76
2017-02-15,842.7,183.58,56.64,21.89
2017-02-16,844.14,184.94,56.29,21.64
2017-02-17,845.07,185.17,56.75,21.88
2017-02-21,856.44,185.62,57.36,21.78
2017-02-22,855.61,186.01,58.24,21.87
2017-02-23,852.19,184.64,57.39,21.67
2017-02-24,845.24,175.17,57.86,21.81
2017-02-27,848.64,172.97,57.69,21.5
2017-02-28,845.04,174.13,57.16,20.62
2017-03-01,853.08,175.33,57.95,20.6
2017-03-02,848.91,174.48,57.8,20.93
2017-03-03,849.88,173.79,56.7,20.59
2017-03-06,846.61,173.3,56.77,20.05
2017-03-07,846.02,173.74,56.55,19.69
2017-03-08,850.5,173.87,56.51,19.14
2017-03-09,853,173.32,56.36,19.15
2017-03-10,852.46,172.74,56.43,19.26
2017-03-13,854.59,173.25,56.67,19.05
2017-03-14,852.53,172.84,57.28,19.02
2017-03-15,852.97,172.04,57.66,19.46
2017-03-16,853.42,176.57,57.6,19.82
2017-03-17,852.31,176.62,57.8,19.38
2017-03-20,856.97,176.13,58.68,19.59
2017-03-21,843.2,171.4,58.01,18.99
2017-03-22,848.06,169.56,53.92,19.09
2017-03-23,847.38,169.61,55.37,18.98
2017-03-24,845.61,168.26,56.36,19.66
2017-03-27,846.82,168.93,55.93,19.86
2017-03-28,856,169.79,56.62,19.91
2017-03-29,874.32,170.66,56.68,20.62
2017-03-30,876.34,172.36,56.04,20.09
2017-03-31,886.54,172.52,55.73,19.78
2017-04-03,891.51,175,55.56,19.65
2017-04-04,906.83,175.2,55.04,19.31
2017-04-05,909.28,172.92,54.98,19.62
2017-04-06,898.28,173.38,55.14,20.27
2017-04-07,894.88,172.44,55.11,19.86
2017-04-10,907.04,174.22,54.9,19.73
2017-04-11,902.36,173.01,54.92,19.42
2017-04-12,896.23,173.61,55.57,19.28
2017-04-13,884.67,172.61,55.34,19.26
2017-04-17,901.99,173.31,56.24,19.21
2017-04-18,903.78,174.47,56.11,19.1
2017-04-19,899.2,177.81,55.86,19.19
2017-04-20,902.06,178.64,56.4,19.39
2017-04-21,898.53,178.08,55.85,18.99
2017-04-24,907.41,180.03,55.47,19.44
2017-04-25,907.62,186.99,55.45,19.53
2017-04-26,909.29,186.67,55.16,19.71
2017-04-27,918.38,187.86,55.47,21.67
2017-04-28,924.99,180.23,55.41,21.49
2017-05-01,948.23,180.06,54.99,21.17
2017-05-02,946.94,178.64,55.07,21.05
2017-05-03,941.03,177.4,54.53,20.34
2017-05-04,937.53,176.71,54.47,20.42
2017-05-05,934.15,178.03,53.95,20.59
2017-05-08,949.04,177.47,54.3,20.53
2017-05-09,952.82,182.98,54.89,21.39
2017-05-10,948.95,183.57,54.56,21.18
2017-05-11,947.62,186.6,54.24,20.99
2017-05-12,961.35,186.83,54.2,20.58
2017-05-15,957.97,186.14,53.77,20.29
2017-05-16,966.07,190.64,52.78,19.48
2017-05-17,944.76,186.05,51.8,18.94
2017-05-18,958.49,182.43,51.68,18.89
2017-05-19,959.84,188.76,51.77,19.1
2017-05-22,970.67,191.69,51.57,19.28
2017-05-23,971.54,191.8,52.2,19.49
2017-05-24,980.35,190.63,52.01,19.56
2017-05-25,993.38,191.95,52.35,19.49
2017-05-26,995.78,190.39,52.59,19.69
2017-05-30,996.7,189.88,52.92,19.56
2017-05-31,994.62,186.1,52.99,19.16
2017-06-01,995.95,187.26,52.3,19.72
2017-06-02,1006.73,187.6,52.98,20.11
2017-06-05,1011.34,187.31,53.01,20.28
2017-06-06,1003,185.75,52.48,20.22
2017-06-07,1010.07,187.53,53.23,20.54
2017-06-08,1010.27,185.75,53.2,21.16
2017-06-09,978.31,181.07,53.46,21.88
2017-06-12,964.91,180.06,54.03,23.14
2017-06-13,980.79,179.19,54.31,22.95
2017-06-14,976.47,178.2,54.66,22.7
2017-06-15,964.17,176.33,52.9,21.71
2017-06-16,987.71,173.88,51.1,20.99
2017-06-19,995.17,176.93,52.02,21.02
2017-06-20,992.59,177.85,51.56,20.48
2017-06-21,1002.23,180.17,52.59,20.31
2017-06-22,1001.3,179.33,52.4,20.65
2017-06-23,1003.74,178.14,52.85,21.2
2017-06-26,993.98,178.46,53.28,21.56
2017-06-27,976.78,175.6,52.95,21.77
2017-06-28,990.33,178,53.36,21.63
2017-06-29,975.93,179.63,53.17,21.31
2017-06-30,968,178.86,59,21.76
2017-07-03,953.66,179.97,58.65,22.28
2017-07-05,971.4,183.83,57.56,22.14
2017-07-06,965.14,181.79,57.16,20.65
2017-07-07,978.76,181.4,57.98,20.64
2017-07-10,996.47,182.93,58.73,20.6
2017-07-11,994.13,184.41,58.18,20.25
2017-07-12,1006.51,186.76,58.22,19.96
2017-07-13,1000.63,186.92,57.94,19.93
2017-07-14,1001.81,188.55,58,20.39
2017-07-17,1010.04,188.23,57.79,20.45
2017-07-18,1024.45,189.51,57.65,20.22
2017-07-19,1026.87,190.91,57.77,20.49
2017-07-20,1028.7,191.32,59.1,20.64
2017-07-21,1025.67,193.18,59.95,20.64
2017-07-24,1038.95,198.65,58.95,20.27
2017-07-25,1039.87,197.05,59.39,20.11
2017-07-26,1052.8,201.17,58.36,19.65
2017-07-27,1046,201,58.15,19.42
2017-07-28,1020.04,220,58.67,19.44
2017-07-31,987.78,226.35,59.05,20.02
2017-08-01,996.19,225.6,59.84,18.3
2017-08-02,995.89,221.96,59.79,18.56
2017-08-03,986.92,227.39,60.14,18.31
2017-08-04,987.58,226.05,59.76,18.39
2017-08-07,992.27,227.16,59.79,18.56
2017-08-08,989.84,229.45,59.46,19.25
2017-08-09,982.01,230.3,59.9,19.1
2017-08-10,956.92,222.57,59.07,18.71
2017-08-11,967.99,223.49,58.97,18.55
2017-08-14,983.3,223.69,59.78,18.83
2017-08-15,982.74,225.33,58.56,18.22
2017-08-16,978.18,226.14,58.54,18.18
2017-08-17,960.57,221.05,57.46,17.81
2017-08-18,958.47,220.69,54.95,17.12
2017-08-21,953.29,222.48,53.61,16.59
2017-08-22,966.9,226.11,54.13,16.78
2017-08-23,958,224.99,53.61,16.99
2017-08-24,952.45,224.86,53.84,17.05
2017-08-25,945.26,225.55,53.9,17.18
2017-08-28,946.02,219.99,53.73,16.93
2017-08-29,954.06,220.69,52.73,16.43
2017-08-30,967.59,223.88,52.56,16.23
2017-08-31,980.6,228.05,52.81,16.15
2017-09-01,978.25,232.64,53.36,16.37
2017-09-05,965.27,225.3,53.01,16.76
2017-09-06,967.8,226.97,52.76,17.03
2017-09-07,979.47,233.18,52.39,17.33
2017-09-08,965.9,229.23,52.2,17.42
2017-09-11,977.96,233.5,53.03,17.42
2017-09-12,982.58,237.6,53.4,17.54
2017-09-13,999.6,236.41,53.52,18.12
2017-09-14,992.21,237.33,53.73,17.95
2017-09-15,986.79,235.21,53.87,17.79
2017-09-18,974.19,239.07,53.5,17.37
2017-09-19,969.86,237.85,53.33,16.81
2017-09-20,973.21,237.96,53.56,16.54
2017-09-21,964.65,238.92,53.19,16.49
2017-09-22,955.1,240.57,53.24,16.41
2017-09-25,939.79,234.49,53.23,16.74
2017-09-26,938.6,236.19,53.7,16.54
2017-09-27,950.87,239.82,52.67,16.42
2017-09-28,956.4,241.28,52.63,16.46
2017-09-29,961.35,247.69,51.85,16.48
2017-10-02,959.19,248.67,51.87,16.6
2017-10-03,957.1,247,51.47,16.71
2017-10-04,965.45,243.97,52.08,16.47
2017-10-05,980.85,245.27,52.18,16.53
2017-10-06,989.58,247.69,52.42,17.02
2017-10-09,990.99,252.22,51.52,16.65
2017-10-10,987.2,262.41,51.53,16.84
2017-10-11,995,260.32,51.03,16.52
2017-10-12,1000.93,259.33,50.83,16.55
2017-10-13,1002.94,262.68,50.98,16.19
2017-10-16,1006.34,272.82,51.37,16.25
2017-10-17,1009.13,270.32,52,16.31
2017-10-18,997,268.97,52.3,16.33
2017-10-19,986.61,264.52,52.69,16.45
2017-10-20,982.91,264.9,53.06,17.48
2017-10-23,966.3,266.13,53.66,16.85
2017-10-24,975.9,264,53.42,16.3
2017-10-25,972.91,263.04,54.94,16.01
2017-10-26,972.43,260.62,56.81,16.38
2017-10-27,1100.95,239.37,55.96,16.04
2017-10-30,1110.85,236.42,55.27,16.41
2017-10-31,1105.28,243.94,54.99,12.52
2017-11-01,1103.68,245.43,55.07,12.05
2017-11-02,1094.22,242.09,55.12,11.78
2017-11-03,1111.6,241.54,55.71,11.61
2017-11-06,1120.66,244.53,56.04,12.02
2017-11-07,1123.17,243.47,55.15,11.88
2017-11-08,1132.88,241.18,55.76,11.97
2017-11-09,1129.13,240.06,56.13,12.01
2017-11-10,1125.35,237.4,56.09,12.52
2017-11-13,1129.17,237.37,55.91,12.17
2017-11-14,1136.84,234.92,55.98,12.15
2017-11-15,1126.69,234.21,56.63,12.41
2017-11-16,1137.29,239.32,57.23,12.76
2017-11-17,1129.88,239.27,59.19,13.08
2017-11-20,1126.31,238.54,59.25,13.44
2017-11-21,1139.49,244.3,59.39,12.85
2017-11-22,1156.16,249.65,59.07,13.09
2017-11-24,1186,249.42,59.32,12.99
2017-11-27,1195.83,247.02,59.63,12.68
2017-11-28,1193.6,244.03,59.58,12.88
2017-11-29,1161.27,235.49,60.36,13.57
2017-11-30,1176.75,238.58,60.42,13.29
2017-12-01,1162.35,235.07,59.88,13.15
2017-12-04,1133.95,229.66,60.1,13.35
2017-12-05,1141.57,231.75,60.42,13.01
2017-12-06,1152.35,231.15,59.72,12.89
2017-12-07,1159.79,233.01,60.6,13.28
2017-12-08,1162,234.59,61.3,13.63
2017-12-11,1168.92,233.54,61.91,13.5
2017-12-12,1165.08,232.73,62.17,13.59
2017-12-13,1164.13,233.24,64.3,13.62
2017-12-14,1174.26,231.82,64.53,13.82
2017-12-15,1179.14,233.48,64.79,15.17
2017-12-18,1190.58,240.93,64.81,15.65
2017-12-19,1187.38,235.62,64.24,15.43
2017-12-20,1177.62,233.37,63.59,15.17
2017-12-21,1174.76,239.49,64.77,15.51
2017-12-22,1168.36,239.05,63.29,15.5
2017-12-26,1176.76,237.83,63.65,15.66
2017-12-27,1182.26,237.71,62.95,15.73
2017-12-28,1186.1,234.74,62.95,15.52
2017-12-29,1169.47,234.21,62.55,14.43
2018-01-02,1189.01,242.4,63.49,15.03
2018-01-03,1204.2,245.55,63.48,15.72
2018-01-04,1209.59,245.73,63.44,15.92
2018-01-05,1229.14,245.14,63.98,15.87
2018-01-08,1246.87,250.82,64.55,15.98
2018-01-09,1252.7,254.73,64.09,15.11
2018-01-10,1254.33,248.95,64.22,15.06
2018-01-11,1276.68,250.22,64.29,15.3
2018-01-12,1305.2,253.04,64.67,15.12
2018-01-16,1304.86,257.78,63.42,13.81
2018-01-17,1295,255.49,63.81,13.83
2018-01-18,1293.32,254.96,64.11,13.7
2018-01-19,1294.58,255.98,67.21,14.21
2018-01-22,1327.31,254.34,66.39,14.55
2018-01-23,1362.54,257.35,67.14,14.99
2018-01-24,1357.51,257.96,68,14.93
2018-01-25,1377.95,254.14,67.71,14.57
2018-01-26,1402.05,260.25,68.04,14.62
2018-01-29,1417.68,253.73,67.58,14.53
2018-01-30,1437.82,244.07,67.33,14.11
2018-01-31,1450.89,246.92,68.22,13.86
2018-02-01,1390,240.53,67.65,13.95
2018-02-02,1429.95,233.17,67.22,13.65
2018-02-05,1390,225.32,64.39,12.92
2018-02-06,1442.84,228.77,65.22,13.1
2018-02-07,1416.78,222.5,65.63,13.26
2018-02-08,1350.5,212.07,62.49,13.14
2018-02-09,1339.6,215.67,65.49,13.75
2018-02-12,1386.23,221.64,65.98,14.23
2018-02-13,1414.51,225.6,65.87,16.7
2018-02-14,1451.05,235.89,67.96,17.76
2018-02-15,1461.76,248.2,68.29,18.41
2018-02-16,1448.69,244.72,68.3,17.36
2018-02-20,1468.35,245.43,67.49,17.14
2018-02-21,1482.92,246.92,67.05,17.03
2018-02-22,1485.34,249.35,67.13,16.62
2018-02-23,1500,250.74,68.16,17.02
2018-02-26,1521.95,256.25,69.65,17.25
2018-02-27,1511.98,250.46,68.03,16.75
2018-02-28,1512.45,252.34,67.03,16.58
2018-03-01,1493.45,249.75,66.32,16.14
2018-03-02,1500.25,250.6,65.89,17.02
2018-03-05,1523.61,254.89,65.05,17.42
2018-03-06,1537.64,258.73,65.24,17.62
2018-03-07,1545,257.26,64.17,17.38
2018-03-08,1551.86,257.14,65.11,17.16
2018-03-09,1578.89,263.56,66.3,17.05
2018-03-12,1598.39,265.67,66.82,17.18
2018-03-13,1588.18,258.35,66.17,16.56
2018-03-14,1591,259.35,66.2,16.08
2018-03-15,1582.32,262.71,66.39,15.9
2018-03-16,1571.68,262.39,65.91,16.19
2018-03-19,1544.93,252.83,65.71,16.15
2018-03-20,1586.51,254.46,66.8,16
2018-03-21,1581.86,250.05,66.35,15.95
2018-03-22,1544.92,236.11,64.42,15.73
2018-03-23,1495.56,230.08,64.63,15.78
2018-03-26,1555.86,235.94,65.9,16.67
2018-03-27,1497.05,230.96,66.17,16.44
2018-03-28,1431.42,223.1,65.44,16.33
2018-03-29,1447.34,223.19,66.44,16.35
2018-04-02,1371.99,220.06,64.12,16.1
2018-04-03,1392.05,220.02,66.7,16.82
2018-04-04,1410.57,224.3,68.42,17.89
2018-04-05,1451.75,225.57,69.59,17.47
2018-04-06,1405.23,219.82,67.55,16.98
2018-04-09,1406.08,224.33,67.18,16.64
2018-04-10,1436.22,231.5,67,16.82
2018-04-11,1427.05,229.65,66.83,16.74
2018-04-12,1448.5,231.34,67.77,17.04
2018-04-13,1430.79,228.17,67.25,16.49
2018-04-16,1441.5,229.9,67.06,16.45
2018-04-17,1503.83,235.67,67.51,16.35
2018-04-18,1527.84,237.75,66.2,16.1
2018-04-19,1556.91,237.11,65.73,16.08
2018-04-20,1527.49,232.5,66.09,16.1
2018-04-23,1517.86,231.42,66.88,16.73
2018-04-24,1460.09,231.41,66.97,16.96
2018-04-25,1460.17,231.41,66.67,16.44
2018-04-26,1517.96,238.69,68.05,16.91
2018-04-27,1572.62,251.93,69.56,17.83
2018-04-30,1566.13,250.9,68.39,17.76
2018-05-01,1582.26,252.13,68.1,18.03
2018-05-02,1569.68,249.8,68.26,18.36
2018-05-03,1572.075,252.46,66.9,17.37
2018-05-04,1580.95,251.73,68.1,17.36
2018-05-07,1600.14,253.9,69.34,17.87
2018-05-08,1592.39,263.09,68.46,18.32
2018-05-09,1608,261.29,67.95,18.29
2018-05-10,1609.08,268.68,67.92,18.56
2018-05-11,1602.91,269.91,68.43,18.76
2018-05-14,1601.54,272.26,68.84,18.44
2018-05-15,1576.12,271.92,69.5,18.88
2018-05-16,1587.28,284.07,71.34,20.52
2018-05-17,1581.76,279.68,70.94,20.38
2018-05-18,1574.37,253.01,71.32,20.12
2018-05-21,1585.46,240.51,71.38,20.11
2018-05-22,1581.4,239.97,71.31,19.84
2018-05-23,1601.86,240.39,71.34,20.07
2018-05-24,1603.07,240.28,72.18,20.58
2018-05-25,1610.15,243.8,72.25,20.85
2018-05-29,1612.87,242.05,70.92,20.66
2018-05-30,1624.89,241.63,72.23,21.4
2018-05-31,1629.62,242.56,71.8,20.9
2018-06-01,1641.54,248.46,72.76,21.36
2018-06-04,1665.27,260.9,73.83,22.71
2018-06-05,1696.35,259.98,74.05,23.53
2018-06-06,1695.75,263.94,74.75,24.25
2018-06-07,1689.3,264.89,74.76,23.57
2018-06-08,1683.99,263.59,74.9,24.31
2018-06-11,1689.12,269.78,74.59,24.1
2018-06-12,1698.75,267.42,74.29,24
2018-06-13,1704.86,270,74.11,23.62
2018-06-14,1723.86,270.64,74.7,23.47
2018-06-15,1715.97,272.97,75.84,23.21
2018-06-18,1723.79,268.89,75.61,23.31
2018-06-19,1734.78,262.11,74.26,22.62
2018-06-20,1750.08,264.06,74.72,23.11
2018-06-21,1730.22,260.5,73.94,22.76
2018-06-22,1715.67,259,73.43,22.38
2018-06-25,1663.15,250.41,72.35,22.31
2018-06-26,1691.09,250.77,72.56,22.6
2018-06-27,1660.51,243,71.35,22.81
2018-06-28,1701.45,242.21,71.7,23.41
2018-06-29,1699.8,243,79.68,22.48
2018-07-02,1713.78,246.25,78.35,22.52
2018-07-03,1693.96,246.43,76.28,22.52
2018-07-05,1699.73,244.07,76.55,22.07
2018-07-06,1710.63,251.77,76.48,22.26
2018-07-09,1739.02,261.97,77.28,22.28
2018-07-10,1743.07,261.25,77.57,22.57
2018-07-11,1755,261.25,77.36,22.19
2018-07-12,1796.62,271.45,77.37,21.91
2018-07-13,1813.03,267.19,77.38,21.49
2018-07-16,1822.49,267.08,77.75,21.56
2018-07-17,1843.93,270.02,77.47,21.51
2018-07-18,1842.92,269.42,76.59,21.81
2018-07-19,1812.97,262.42,76.95,22.1
2018-07-20,1813.7,259.98,76.96,21.61
2018-07-23,1802,260.38,76.59,21.39
2018-07-24,1829.24,256.48,75.53,20.61
2018-07-25,1863.61,262.91,77.16,21.08
2018-07-26,1808,260.35,78.15,22.04
2018-07-27,1817.27,255.09,76.89,20.6
2018-07-30,1779.22,251.4,75.96,20.11
2018-07-31,1777.44,247.18,76.91,19.97
2018-08-01,1797.17,228.07,77.54,19.09
2018-08-02,1834.33,230.46,78.65,19.61
2018-08-03,1823.29,235.65,78.74,19.68
2018-08-06,1847.75,232.96,79.51,19.71
2018-08-07,1862.48,226.67,80.53,19.88
2018-08-08,1886.52,222,80.5,20.25
2018-08-09,1898.52,219.89,81.26,20.72
2018-08-10,1886.3,220.1,80.73,20.63
2018-08-13,1896.2,217.57,80.15,20.8
2018-08-14,1919.65,216.21,80.14,21.52
2018-08-15,1882.62,213.47,79.57,20.59
2018-08-16,1886.52,217.3,80.05,20.92
2018-08-17,1882.22,222.67,79.75,20.49
2018-08-20,1876.71,223.71,82.18,21.21
2018-08-21,1883.42,223.13,82.95,21.65
2018-08-22,1904.9,223.03,82.64,21.64
2018-08-23,1902.9,219.3,82.91,21.74
2018-08-24,1905.39,224.36,82.45,21.5
2018-08-27,1927.68,228.61,82.65,20.62
2018-08-28,1932.82,225.72,82.58,20.94
2018-08-29,1998.1,225.87,82.79,21.07
2018-08-30,2002.38,224.25,81.4,20.67
2018-08-31,2012.71,226.48,82.2,20.45
2018-09-04,2039.51,222.18,79.6,20.75
2018-09-05,1994.82,216.24,79.92,20.45
2018-09-06,1958.31,215.05,80.4,20.41
2018-09-07,1952.07,216.04,80.3,19.66
2018-09-10,1939.01,213.59,82.1,20.08
2018-09-11,1987.15,216.1,82.63,20.16
2018-09-12,1990,218.69,83,20.08
2018-09-13,1989.87,222.42,83.47,19.66
2018-09-14,1970.19,220.03,83.49,18.96
2018-09-17,1908.03,217.66,83.26,19.11
2018-09-18,1941.05,216.88,85.26,18.96
2018-09-19,1926.42,226.41,84.43,18.76
2018-09-20,1944.3,230.62,85.37,20
2018-09-21,1915.01,228.85,85.55,20.57
2018-09-24,1934.36,226.63,84.27,20.69
2018-09-25,1974.55,226.6,84.79,20.44
2018-09-26,1974.85,228.42,83.7,21.1
2018-09-27,2012.98,230.47,84.54,21.05
2018-09-28,2003,228.68,84.72,21.22
2018-10-01,2004.36,227.4,84.46,21.14
2018-10-02,1971.31,218.9,82.77,20.21
2018-10-03,1952.76,216.35,82.5,20.53
2018-10-04,1909.42,210.07,80.18,19.88
2018-10-05,1889.65,205.62,80.12,19.42
2018-10-08,1864.42,203.98,80.23,19.35
2018-10-09,1870.32,200.85,80.42,19.4
2018-10-10,1755.25,194.26,74.94,18.26
2018-10-11,1719.36,198,74.51,18.23
2018-10-12,1788.61,204.36,75.91,18.67
2018-10-15,1760.95,200.12,74.99,18.76
2018-10-16,1819.96,203.21,77.48,19.56
2018-10-17,1831.73,200.72,76.48,19.12
2018-10-18,1770.72,191.88,75.6,18.62
2018-10-19,1764.03,191.92,74.21,18.2
2018-10-22,1789.3,196.19,74.9,18.58
2018-10-23,1768.7,193.42,73.35,18.53
2018-10-24,1664.2,184.47,72.12,18.23
2018-10-25,1782.17,190.43,73.1,18.51
2018-10-26,1642.81,188.51,72.07,17.98
2018-10-29,1538.88,181.75,72.19,18.19
2018-10-30,1530.42,183.37,74.51,23.23
2018-10-31,1598.01,190.06,75.04,22.11
2018-11-01,1665.53,201.47,76.79,23.34
2018-11-02,1665.53,194.69,76.58,23.7
2018-11-05,1627.8,190.59,77.53,23.99
2018-11-06,1642.81,192.44,76.57,23.3
2018-11-07,1755.49,195.41,77.97,22.88
2018-11-08,1754.91,188.55,77.78,22.98
2018-11-09,1712.43,183.75,76.36,22.75
2018-11-12,1636.85,180.43,75.1,22.59
2018-11-13,1631.17,183.34,75.2,22.79
2018-11-14,1599.01,185.06,75.2,22.58
2018-11-15,1619.44,188.41,74.33,22.39
2018-11-16,1593.41,186.95,74.74,21.75
2018-11-19,1512.29,183.09,72.52,21.14
2018-11-20,1495.46,177.48,71.12,20.83
2018-11-21,1516.73,183.95,72.37,21.5
2018-11-23,1502.06,182.61,71.49,21.5
2018-11-26,1581.33,185.19,72.71,22.22
2018-11-27,1581.42,182.79,72.09,21.8
2018-11-28,1677.75,188.44,74.66,23.01
2018-11-29,1673.57,183.22,74.34,23.14
2018-11-30,1690.17,188.28,75.12,23.88
